Store Number,Address
3628,2645 BLAIRS FERRY RD NE
2514,2790 7TH AVENUE
4628,137 2nd AVE SE
3869,412  1ST AVE
3576,10  3RD ST NW
2603,2890 DEVILS GLEN ROAD
2507,939 ANGULAR
2661,1989 PARK ST
4379,5969 ASHWORTH RD
4295,3804 HUBBELL
4312,2411 S 24TH ST #1
2629,1745 MADISON AVE
2604,1201 12TH AVE SW
2587,5750 MERLE HAY ROAD
2621,3301 GORDON DR
2633,3221 SE 14TH ST
4614,6401 DOUGLAS AVE ste 1
2508,"1843 JOHNSON AVENUE, N.W."
2510,2405 MT VERNON RD SE
2594,4500 SERGEANT ROAD
3881,120 E MAIN ST
4616,719 2ND AVE W
4599,3700 HUBBELL AVE
2635,4064 E 53RD ST
2190,1460 2ND AVE
4638,4607 N PINE ST
2205,900 E WASHINGTON
4132,908 7TH AVE
2590,3235 OAKLAND ROAD NE
3529,114 S SECOND
3728,726 CREEK TOP
3838,858 MIDDLE RD
2560,3600 BUSINESS HWY 151 EAST
2614,1823 E KIMBERLY RD
2605,2001 BLAIRS FERRY ROAD NE
3723,1023  9TH ST
5105,"585, HIGHWAY 965"
3054,1026 MAIN
4617,2501 HUBBELL AVE
2643,2126 KIMBALL AVE
2532,2540 E EUCLID
2963,15500 HICKMAN
2501,640 LINCOLNWAY
2662,"522 MULBERRY, SUITE A"
2465,2727 DODGE ST
4167,1256 IOWA ST
4193,361  3RD ST NW
3762,7690 HICKMAN RD
4619,1737 AVE H
4604,"1324, 1st AVE E"
3562,324 WEST AGENCY RD
2650,1808 23RD ST
2637,2351 W LOCUST
4874,"201, E WASHINGTON ST"
4348,101 E 4TH
2613,2323 W BROADWAY
3842,107 N PORTLAND ST PO BX 222
4571,"100, CHERRY ST"
5070,"101, E 4TH ST"
4935,1117 E 4TH ST
3563,3003 NORTH HWY 61
2505,1111  8TH ST
2512,1720 WATERFRONT DR
3964,621 HWY 71
4988,5925 UNIVERSITY AVE
4129,626 LINCOLN WAY
4818,"303, COLLEGE DR"
4011,121 NORTH CLINTON
5180,"801, E  CHARLES  ST"
4877,1775 NW 86TH ST
2651,1311 4 STREET SW
3065,201 S FRONT ST
3663,1334 FLAMMANG DR
2840,2002 SPRUCE HILLS DR
2521,1990 GRAND AVENUE
3354,3845 ELMORE AVE.
4932,3105 HUDSON RD
3952,3780 STATE ST
2572,6301 UNIVERSITY
2648,555 S 51ST ST
2513,812  S 1ST AVE
4301,1805 SE 14TH ST
2576,1250 N LAKE ST
4108,2917 PAYNE
3779,2324 N 15TH ST
3876,1101 MAIN ST PO BOX 535
3644,3501  8TH ST SW
4285,102 S WATER AVE
4027,23148 HWY 5
3818,703 W PLEASANT ST
4867,"430, S 35TH ST"
3696,5101 SE 14TH ST
3611,403 E 6TH
3806,5405 MILLS CIVIC PKWY
3915,106  S 16 ST
2538,1422 FLAMMANG DR
4418,1709 ANTIQUE CITY DR
3986,1203 5 ST
2601,1300 WEST BURLINGTON AVE
2200,619 E MAIN ST
3963,1925 W BROADWAY
2597,1300 N. SECOND
2509,1520 6TH ST SW
4873,"1802, SYCAMORE ST"
2582,551 S ILLINOIS AVE
3440,501 LOCUST ST
2524,3500 DODGE ST
2591,1602 E. 7TH ST.
4163,731 SENECA ST
3666,3400 EDGEWOOD RD SW
2500,3800 W LINCOLN WAY
4451,1803 SUPERIOR ST
4251,4518 MORTENSON RD STE 109
2593,905 US HIGHWAY 30 WEST
4073,306 HWY 69 SOUTH
2956,4121 FLEUR DRIVE
3717,201 W 1st ST
2638,5925 UNIVERSITY AVE STE A
3926,315 S GILBERT ST
3626,500  11TH ST
4806,"1006, N COLUMBUS ST"
4844,"2580, NAPLES AVE"
4612,"214, MYRTLE ST"
3705,507 1ST AVE #100
3679,103 FRANKLIN ST
3447,4201 S. YORK ST.
2962,5440 NW 86TH ST
4720,"107, EAST GRACE"
4565,1925 S LAKEPORT ST
2567,2200 WEST KIMBERLY
4597,850 ARMY POST RD
2285,401 EAST MARKET ST
3993,1625 WEST 4TH ST
2624,2395 NW ARTERIAL RD
4344,109 EAST 1ST ST STE B
2539,HIGHWAY 65 SOUTH
2517,1501 FIRST AVENUE EAST
4445,1102 2ND ST
2964,1802 N ANKENY BLVD
2575,2834 Ansborough Ave
3735,1202 A AVE EAST
4666,2635 ADVENTURELAND DR
3805,1601 WASHINGTON ST
2954,3425 INGERSOLL
2670,2004 8TH  ST
4883,"118, S MAIN ST"
2653,1004 W MADISON ST
3461,611 S DIVISION ST
3719,2802 S CENTER ST
4594,901 SW 63rd ST
4046,113 W VANBUREN
4665,2601 SE CREEKVIEW DR
2573,2400 2ND AVE
3740,1010 E MITCHELL AVE
3041,28 E HOWARD
3645,1001  73RD ST
3715,1714 E KIMBERLY RD
2233,2508 ENTERPRISE AVE
4837,323 E BURLINGTON ST
5042,1101 RHOMBERG AVE
2657,1604 BENT
3738,2225 CENTRAL AVE
3916,1115 ALBIA RD
4336,120 N MAIN ST
5129,4121 FLEUR DR
3618,3601 29TH AVE SW
4633,1202 EAST LOCUST ST
4618,"1581, 1st AVE SE"
3622,2600 HWY 71
2191,1013 MAIN
3976,119 NORTH MAIN ST
4357,527 PARK AVE
2665,1005 E HICKMAN RD
2636,2310 HUBBELL AVE
4964,101 E 4TH ST
2625,3301 W KIMBERLY RD
4402,1178 ENTERPRISE DR
2579,320 WEST STREET SOUTH
3525,106 W 2ND ST
3528,3450  4TH ST SW
4829,1501 MICHIGAN AVE
2543,1025 NORTH QUINCY AVE
4318,811 BROADWAY
3420,1101  73RD STREET
2569,279 COLLINS ROAD NE
2565,819 N GRAND AVE
4291,105 E ADAMS ST
4156,102  2ND AVE SE
5104,"72, N OKOBOJI GROVE RD"
3868,5491 BUSINESS HWY 151
3494,210 EAST TOWER PARK DR
5021,1001 SANBORN AVE
2561,4605 FLEUR DRIVE
3912,225 EDGEWOOD RD
2667,2611 PIERCE ST
2448,705 E. SECOND
4355,1554 BROAD ST
2566,813 N LINCOLN STE 1
4494,800 HAMILTON BLVD
4345,1031 WEST ST
3732,425 E LECLAIRE RD
2627,3424 MARTIN LUTHER KING JR PKW
4435,2024 5TH AVE
3695,623 S MARION ST
2649,400 LOCUST ST
2616,901 SOUTH 4TH ST
3932,311 MAIN ST
3773,501 7TH AVE SE
3782,619 S HWY 52
3849,711  16TH AVE SE
2607,520 SO FREMONT
4019,1220 WEST MAIN
5037,111 E HARRISON ST
3784,200  1ST ST EAST
4972,808 S MAIN ST
2487,402 EAST MAIN
3870,3414 8TH ST SW
4995,618 DURANT ST
3726,1940 VENTURE DR
3909,104 SE  A ST
4884,"4523, MORNINGSIDE AVE"
4072,2604 W LOCUST ST
2602,823  2ND ST
3612,509 E PLATT
4490,380 33RD AVE SW
4750,1525 E KIMBERLY
2290,215 WEST MILWAUKEE
3917,1606 W LOCUST ST
3390,1610 OKOBOJI AVENUE
4147,214 N MAGNOLIA DR
4644,"1136, E LOCUST ST"
4197,700  1ST ST
4411,1203 GUTHRIE ST
3651,1500 NORTH JEFFERSON
4869,415 S HWY 52
2460,721 CENTRAL AVENUE WEST
2475,206 2ND AVE NE
4986,68 MONROE ST
2353,708 2ND AVE SE
4767,"6981, NE 14TH ST"
3899,6365 STAGECOACH DR
4495,"504, G AVE"
5142,"2315, MT VERNON RD SE"
4623,"700, DEBRA DR"
3987,111 S PHILLIPS ST
2535,1700 VALLEY WEST DR
4171,105 SE NIXON ST
4112,618 MEADE DR
2606,1011  13TH ST NORTH
3162,807 GRANDVIEW
4190,1207 N ELM ST
3591,526 MAIN ST
4650,"202, W 4th AVE"
4615,1303 NORTH FEDERAL AVE
2663,8701 DOUGLAS
4686,630 N 3rd ST
3972,210 MAPLE ST BOX 295
2544,802 SOUTH CENTER
4214,1309 LAFAYETTE ST
2835,2302 WEST FIRST ST
3816,200 E OAK ST
2620,7101 UNIVERSITY AVE
2599,1914 8TH STREET
4223,1119 RIVER FOREST RD
3778,4538 LOWER BEAVER RD
2592,1712 S CENTER  ST
4176,235 EDGEWOOD RD NE
3928,465 HWY 965 UNIT G
2655,1200 S 16TH ST
4070,708  13TH ST
5045,800 HAMILTON BLVD
4152,407 W HURON
3789,2203 A AVENUE WEST
4030,201 MARKET ST
4332,1621 UNIVERSITY AVE
2132,100 E ELM
3443,1141 N BROADWAY
5102,"724, 1st  ST  SE"
4752,1003 SUMMER ST
3885,400 EAST FIRST ST
3968,105 W SHERMAN PO BX 1023
2571,2181 LOGAN AVE
3514,328  2ND AVE S
3808,300  4TH ST
2554,3019 ROCKINGHAM ROAD
3947,122 A EAST FRONT ST
2641,757 W BROADWAY
4971,"5500, E UNIVERSITY AVE"
4545,14151 WABASH AVE
5131,"1401, BUCHANAN ST"
4927,3501 EP TRUE PKWY
4071,103 BLAIR ST
2248,3500 INGERSOLL AVE
4443,1204 1ST ST
4405,1025 E  1ST ST
4192,3800 BELMONT RD
3896,1901 BROADWAY ST
2528,3221 SE 14TH ST
2534,8601 DOUGLAS
2552,20 WILSON AVENUE WEST
2529,4825 JOHNSON AVE NW
4629,309 N LOCUST ST
4273,2800 E UNIVERSITY AVE
3879,5775 SUNNYBROOK DR
4969,910 N 8TH ST W
3573,405 S MADISON
3700,158 SOUTH ELM
4601,2110 GUTHRIE AVE
4078,2323 MAIN ST
4164,1810 STATE ST
4346,105 PEARL ST
2478,ONE PRAIRIE MEADOWS DRIVE
4675,2801 E 13TH ST
3918,3120 ROCKINGHAM RD
2515,2400 4TH ST SW
3678,1918 SE 14TH ST
4939,6401 DOUGLAS AVE   STE 1
2595,"1620  4TH AVE, SOUTH"
3650,118 South Main St.
4180,480 7TH AVE
4434,209 S UNION ST
3942,104 HIGHWAY 30 WEST
4093,1724  5TH AVE SOUTH
2837,1825 E San Marnan
2959,4343 MERLE HAY ROAD
4304,208  4TH ST
3654,207 E MAIN ST
3925,585 HWY 965 S  STE E
4481,425 GILBERT ST
4007,109 E MAIN ST
3820,507 W 19th St
3456,904 N 8TH ST
4057,1434 DES MOINES ST STE 5
2502,410 NORTH ANKENY BLVD
4277,769 PROSPECT ST SW
4826,204 S MAIN ST
3814,7205 MILLS CIVIC PKWY
2568,1556 FIRST AVENUE NE
2522,HWY 9 & 71
4801,3030 UNIVERSITY AVE
4253,719 W HWY 92
4228,501 A AVE
2506,3140 AGENCY
2130,617 SYCAMORE
4970,"200, E 3RD ST"
2549,910 N JEFFERSON
4555,201 MADISON AVE
3682,110 E MAIN ST
5187,"125, 6th ST"
3742,1111 HOLTON DR
2564,4000 UNIVERSITY
4205,102 WEST ANSON ST
4645,"1, GROVE RD"
4444,1864 HWY 141
2647,5050 EDGEWOOD RD
3664,90 10th ST S
2113,1119 MARKET ST. BOX 71
3625,1002 SE NATIONAL DR
4006,913 BROWN ST PO BOX 326
4478,"3000, SW 9th ST"
2558,1700 E WASHINGTON
2536,4815 MAPLE DRIVE
3400,2839 E. UNIVERSITY
2413,1691 ASBURY ROAD
3655,2763 FLOYD BLVD
2626,4100 UNIVERSITY AVE
4154,885 MILLER RD
4658,904 WASHINGTON AVE
4209,2150 EAST 1ST ST
3769,525 BRANDILYNN BLVD
4566,30 FOUR OAKS DR SW
3677,1290 HWY 18
4315,301 NORTH MARION AVE
3477,3221 MANAWA CENTRE DR
4851,3200 16th AVE SW
2445,504 SOUTH HIGHWAY
4328,313 COLLEGE DR
3437,1120 SUNSET DRIVE
4102,619 BURNETT AVE
4945,"508, MAIN ST"
4794,110 S ROOSEVELT HWY 61
5017,417 MAIN ST
3744,733 16TH AVE SE
4677,2900 HEARTLAND DR
4598,2221 E EUCLID AVE
4668,20 SOUTH 4TH ST
4757,1111 SE LINCOLN ST
4770,"354, E ELDORA RD"
9002,303 N CODY RD
3980,919 HWY 1 WEST
4062,145 UNIVERSITY AVE
4973,"303, HWY 150 N"
4347,102 W MAYNE
2836,205 FRANKLIN ST
4081,306 WASHINGTON
4160,2765 COMMERCE DR
4667,101 E IA HIGHWAY 92
4146,220 W BREMER AVE
4144,1908 CLARK ST
4272,1108 CENTRAL AVE
4743,1801 VALLEY VIEW DR
4377,4801 NE 14TH ST
3713,4151  4TH ST SW
3688,100 W MAIN ST
3385,2605 BLAIRS FERRY RD NE
3830,806 LAUREL ST
2611,1140 NORTH JEFFERSON ST
4769,100 GRANT ST
4564,408 6th AVE
4392,15600 HICKMAN RD
2612,1215  141 ST
3731,5811 ELMORE AVE
3785,2424 SW 9TH ST
4267,735 MAIN ST
4931,230 WATERLOO RD
4426,114 CENTRAL ST N Suite 1
4713,2751 HEARTLAND DR
5054,900 E MAIN ST
3465,601 E MAIN
4230,10151 UNIVERSITY AVE
4252,433 N FARLEY ST
3482,525 N MAPLE ST
4284,500 IOWA ST
2523,414 N 18TH ST
4083,109 SE ORALABOR RD
4947,1420 W FIRST ST
3811,300 NORTH PARK DR
3907,1504 PARK AVE
4334,2050 JOHN F KENNEDY RD
4075,919 W 5TH ST
3488,400 S SECOND
4802,4415 DOUGLAS AVE
2585,1516 HIGHWAY 169 NORTH
4307,117 IOWA AVE
4442,212 10TH ST
4374,1950 PRINCETON DR
4608,"510, 23rd AVE"
2588,4035 MT. VERNON ROAD S.E.
5022,196 S 50TH ST
3776,3101 WEST KIMBERLY RD
3920,1606 CAMANCHE AVE
4296,111 MAIN ST
4984,2111 PARK AVE
4866,3134 MANAWA CENTRE DR
4630,2923 BRADY ST
4920,5225 NW 86TH ST
5137,"4685, NW  2ND ST"
3495,228 N MAIN ST
4219,910 N 8TH ST W
3691,11148 PLUM DR
4637,3301 J ST
4652,"3107, BRADY ST"
4999,213 S MAIN ST
2548,100 8TH STREET SW
4642,2844 UNIVERSITY AVE
4186,5901 FLEUR DR
2527,1107 SE ARMY POST RD
4631,"2425, WHITETAIL DR"
4997,"218, 6th AVE #101"
3797,211  W 53RD ST
4311,1231  1ST AVE S
5108,1032 STATE ST
4231,115 PLYMOUTH ST NE
4728,2214 MUSCATINE AVE
4397,802 E 1ST ST
4586,730 HIGH ST
2659,303 E JEFFERSON ST
4854,"307, S 4TH AVE"
2666,2510 SW STATE ST
4177,806 W MAIN ST
4897,1703 MT PLEASANT ST
3943,519 LINCOLNWAY
5132,"1516, SE  1ST  ST"
4463,145 US HWY 18 W
4979,1500 1st AVE NE
3565,701 MORMON TREK BLVD
3704,1122 BROADWAY
2619,1725  74TH ST
4831,"320, W MAMIE EISENHOWER AVE"
3766,419 W MILWAUKEE
3697,51 W 32ND ST PO BOX 300
2545,310 N 1ST ST
2327,801 HULL ST
3970,"835 6 ST, STE 1"
4930,1303 SE MARSHALL ST
2584,2606 AVENUE L
2503,849 SOUTH ANKENY BLVD.
2550,510 WEST MCLANE
2556,2608 E. CENTRAL AVENUE
4914,2728 CENTER ST
4698,201 W BURLINGTON AVE
2555,3111 MAIN
2844,2425 MUSCATINE AVE
4256,115  1ST AVE NW
4185,727 WEST ST
2652,875  4TH ST SW
4496,"2824, 1ST AVE NE"
4306,1208  4TH ST NE
4085,1975 FRANKLIN ST
4229,1910  23RD ST
4413,303 US HWY 61 N
4648,508 BROADWAY ST
2562,115 SOUTH 29TH ST
2955,1819 BEAVER
3629,3200 MANAWA DR
2106,2217 COLLEGE
4887,5308 UNIVERSITY AVE
4370,530 NORTH AVE
4004,534 S DUFF AVE
3872,3500 DODGE ST
3707,1030 BLAIRS FERRY RD NE
4697,601 HOLLYWOOD BLVD
4366,101 VILLAGE DR
3825,1372 E 14TH ST
2622,1125 N DODGE ST
4001,2014 KITTY HAWK AVE
4098,2485 HWY 92
2806,1307 N SECOND
4862,101 MAIN ST
2849,3151 SE 14TH ST
4246,1007 S FREMONT ST
4881,516 HWY 141
3841,157 LOCUST ST
4260,215 S MAIN ST
2644,1511 2ND AVE NORTH
4860,812 6TH ST SW
4236,205 NW  1ST ST
3670,2801 COMMERCE DR
4239,1906 KEOKUK
5007,1022 SKYLAR ST
4559,"633, CHASE ST"
4775,"502, MAIN"
4105,1505 SOUTH B AVE
4170,115 E MAIN ST  PO BOX 359
4201,4040 WAR EAGLE DR
3934,103 E CARLISLE
4382,1293 8TH AVE
5023,250 16th AVE SW
4804,3501 INGERSOLL AVE
2178,618 ROSSVILLE ROAD
3959,1600 UNIVERSITY AVE
4340,3121 GRAND AVE
3791,111 E HARRISON ST
4892,1026 W RIVER DR
3997,2400 COLLEGE DR
3756,316 MAIN ST
4182,1207  12TH AVE SE
4485,101 W 7TH ST
2228,53 GREEN ST
3451,622 10TH ST
2578,901 KELLY ST
3013,207 E LOCUST ST
4991,24687 HWY 13 N
4456,955 MORMAN TREK BLVD
4585,"306, 1st ST SW"
2630,1010  60TH ST
3660,814 W BELL AVE
2623,2827 HAMILTON BLVD
3540,5225 ELMORE AVE
3592,3036 1ST AVE SOUTH
3549,1414 48TH ST
5147,1001 3RD  ST
4433,5970 MORNING STAR CT
4343,4028 NE 14TH ST
4165,113 SE DELAWARE AVE STE 101
4155,3300 10TH AVE
3831,301 ANNEX RD
2664,1003 KELLY ST
4014,510 C AVE
4622,"3941, SE 14th ST"
4672,402 S HWY 52
3990,309 A AVE WEST
4213,630 N 3RD ST
4222,3594 LAFAYETTE ST
3056,325 CENTRAL AVE W
4651,"301, MAIN ST"
3950,120 E MAIN ST
4439,800 FORD LANE
4659,409 E CENTER
3584,1011 S FREDERICK M/A PO BX 572
4764,1923 5TH AVE S
4432,822 1ST AVE
4962,1312 HARRISON ST
4848,111 E JEFFERSON ST
4107,1711 HAWKEYE DR
3524,305 AIRPORT RD
2843,4116 CENTER POINTE RD
2518,1607 NORTH BROADWAY
2511,"1440 32ND STREET, N.E."
4412,2050 IA HIGHWAY 38
3582,102 W 1ST ST
4729,501 HIGHWAY 39 NORTH
4562,206 SHORT ST
4762,101 MAIN ST
4106,2255 JOHN F KENNEDY RD
3855,1201 1/2 LAKESHORE DR
5006,1210 E 16TH ST
3989,300 E MAIN ST
4303,111 N WAPELLO
3822,1205 CURTIS BR RD NE
3692,724  1ST ST E
4294,1544 SUPERIOR ST
4861,3645 STONE CREEK CIRCLE SW
4153,215 S EVANS RD
3722,3400 SINGING HILLS BLVD
4351,2325 7th Ave North N
2642,512 E OSKALOOSA
4331,303 HIGHWAY 150 N
4576,228 N HWY 71
3866,320 S DUFF
4557,420 SECOND ST
4262,1004 HIGHWAY 30 W
4839,87 8th ST N
4429,1200 N WALNUT ST
4024,840 S OAK
2600,110  SO  D  ST
4681,100 E ELM ST
4289,777  11TH AVE SW
4889,1516 SE  1st ST
4200,4016 INDIAN HILLS DR
4378,85  4TH ST
3829,715  1ST AVE S
3894,1404  1ST AVE NE
4183,103 E MAIN
3647,2715 SOUTH 25TH ST
2596,2453 NORTH COURT
4204,1350 11TH ST NW
4487,1661 32ND ST NE
4879,4218 MORNINGSIDE AVE
4320,1315 WILLIS AVE
3981,255 16TH ST SW
4139,2121 UNIVERSITY AVE
2645,510 E 6TH ST
4580,304 W. MADISON
4905,"319, COURT ST"
4184,2100 CEDAR PLAZA DR
4524,14 E CONGRESS
4783,"2406, MAIN ST"
4509,2515 CHAMBERLAIN
4410,1219 1ST ST
4279,217 E BROADWAY
3857,9TH ST SW B
4600,4200 E HUBBELL AVE
4025,702 13TH ST
3995,6027 University Ave STE 100
4091,910 HWY 18 W
4431,115 N 22ND ST
4067,268 8TH AVE
2851,2029 5TH AVE SOUTH
4841,2920 W LOCUST ST
4235,942  2ND ST
3521,2200 RIVER ROAD
4696,1451 22nd ST
4709,2719 GRAND AVE
4364,715 LANG CREEK AVE
4257,821 BROADWAY
4484,200 E 3RD
5038,437 SULLIVAN AVE
5012,"2810, WILLIS AVE"
4856,930 COMMERCIAL ST
4840,1761 INDEPENDENCE AVE
4678,804 NILE KINNICK DR
2618,505 BOYSON RD NE
4471,117 E SAN MARNAN DR
4317,212 SW KENT
4588,"923, W 7TH ST"
4076,1026 W RIVER DR #B
2845,545 W WASHINGTON ST
4441,204 N Main St
3621,615  2ND AVE
2628,1616 EDGINGTON
3587,2122 MAIN ST
3536,111 S COMMERCIAL AVE
3833,1905 EAST 7TH ST
5028,"1100, E 5TH ST"
4420,534 CHURCH ST
3417,PO BOX 261  310 W DILLON
4482,"2001, WEST 2ND AVE"
3886,101  115 ST
3734,215 S RERICK AVE
4136,351 GATEWAY DR
4191,2010 WASHINGTON ST
4901,1101 S 5TH ST
4265,1104 WASHINGTON ST
5073,"2601, WILLIAMS BLVD SW"
4021,2701 W BURLINGTON AVE
4271,305 S 18TH ST
4575,200 6th AVE
4447,"9915, DOUGLAS AVE"
3721,1798 OLD STAGE RD
2846,3419 16th AVE SW
4462,"113, 1ST ST NW"
4577,"906, S MAIN ST"
4602,58231 190th ST
4005,417 MAIN ST
5018,1610 ROCKINGHAM RD
4321,210  11TH ST
5057,4960 E BROADWAY AVE
3852,502 E AVE NW
4800,6200 SE 14TH ST
4010,900 S LOCUST ST
2553,600 SHELDON
5008,1307 S BROADWAY ST
4824,301 W TAYLOR ST
4029,204 S MAIN ST
4819,2635 ADVENTURELAND DR
4398,112 RIVER AVE S
4425,1749 W BROADWAY ST
3772,2127 M L KING JR PKWY
4133,1447  2ND ST
4150,40  W SAN MARNAN
2537,215 S 25TH ST
3763,911 CENTRAL AVE
3888,415 INDUSTRIAL AVE
4158,709 MONTEREY DR
3606,804 G AVE
3819,915 SHORT ST
4036,315 FLETCHER AVE
4327,655 ROBBINS RD
4504,311 NORTH JEFFERSON
3878,2128 COLLEGE ST
3676,107 E TRAER
4395,1111 IA HIGHWAY 175
3813,104 NORTH FILLMORE
4960,2401 A CHAMBERLAIN ST
4453,"1116, HWY 69 SOUTH"
4308,517  2ND ST STE 2
4104,400 NORTH DELAWARE AVE
4807,"103, W WALNUT ST"
5098,1621 UNIVERSITY AVE
4517,3434 1ST AVE NE
3690,1501 E SAN MARNAN
3656,2135 SE DELAWARE AVE
2656,300  10TH ST
4742,"1817, W BROADWAY"
4350,916 E MAIN ST
4299,9 WATERHOUSE AVE
4974,"727, SE  14TH ST"
4474,3501 W BROADWAY ST
2367,101 SOUTH BURNETT
5144,4625 SE DELAWARE AVE
4458,5169 MERLE HAY RD
4349,1101 ARMY POST RD
4437,4506 LINCOLN WAY
2668,1004 W 1st ST
4358,300 CENTRAL AVE W
2960,1208 PROSPECT
3531,508 MAIN ST
4268,1905 HIGHWAY 18 E
4099,68 MONROE PO BOX 249
3648,102  4TH ST NORTH BOX 434
3403,113 EAST WALNUT ST.
4635,1001 1st AVE SW
4522,201 RALPH ST
4016,119 N MAIN ST PO BOX 296
4157,615 WESTWOOD DR   P.O Box 96
4044,421 N MAIN ST
4414,29356 298TH ST
4708,423 SHARP ST
4473,"113, NE 3RD ST"
2958,3400 E 33 ST
4015,3015 GRAND AVE
4891,109 5th ST
3957,101 WEST MADISON
3749,1831 LAKE AVE NW
2634,3615 LINCOLN WAY
2498,910 MAIN ST
2551,2001 WEST COURT
4817,"1201, E MAIN ST"
3710,219 MAIN ST
3632,4200 DODGE ST
4276,107 N MILL ST
4711,2260 JOHN F KENNEDY RD
2839,1777 DIVISION ST
4609,165 SW MAGAZINE RD
4558,1373 PIERCE ST
5155,"1459, ANSBOROUGH AVE"
3858,6723 NW BLVD UNIT 2
4008,116 E MAIN ST
4483,108 E COLLEGE
4368,5800 NORTHGLEN DR
4162,4220  16TH AVE SW
4805,902 1ST AVE N
4440,154 BENNETT AVE
4255,512  8TH SE
4812,1908 CLARK ST
3911,813 1/2 HIGHLAND ST
4077,428 FRANKLIN ST
4583,208 MAIN ST
4406,1910 SW WHITE BIRCH CIRCLE
4777,"315, E GRAND AVE"
4952,4307 W LOCUST ST
4361,4575 NW 2ND
4117,612 S HIGHWAY 71 UNIT 4
4335,313 S MAIN ST
4215,9 N ELK RUN RD
3845,210 NORTH HWY
4140,100 EUCLID AVE
4795,2545 E EUCLID AVE
4137,200 SE LAUREL ST
3994,72 NORTH HWY 71
2951,8700 HICKMAN
4297,2933  1ST AVE SE
4409,1704 S STORY ST
4427,610 N KANSAS AVE
4958,809 E 18TH ST
4467,1010 PARK AVE
5163,"309, W  WASHINGTON ST"
4097,108  2ND ST
4092,1711 SUNSET DR
4680,4121 SE 14TH ST
2152,202 4TH NORTH
4118,502 5th Street
4684,1201 N JEFFERSON
4121,13410 STATE HWY 78
4114,704 W 7TH ST PO BOX 372
2961,5003 E P TRUE PARKWAY
4203,620 W BREMER AVE
5124,5440 NW  86TH ST
4309,430 S 35TH ST
4269,610 CEDAR ST
4233,112 S ELM ST
4525,600 HIGHWAY 12 SOUTH
3747,110 SOUTH MAIN
4725,"2905, W  1ST ST"
4131,8450 MEREDITH DR
3757,3101 FLOYD BLVD
4109,1516 SE 1ST
4772,196 S 50TH ST
3615,1307 S BROADWAY
5072,"901, E WASHINGTON ST"
4510,701 MAIN ST
5001,709 FIRST ST W
4376,1920 S FEDERAL AVE
4513,1100 S 3RD ST
4735,327 W 4th ST
4143,603  E HWY 24
4938,201 S MAIN ST
4013,1126 HIGHWAY 38 NORTH
5061,"560, 33RD AVE SW"
4507,411 W 18TH
4393,1725 NW 86TH ST
4900,515 BROADWAY ST
4460,808 S Main St
2953,1320 E. EUCLID
4579,2293 HWY 30
4468,802 CYPRESS ST
5050,"1115, BLUESTEM DR"
4149,609 ARROWHEAD DR
4904,832 BROADWAY ST
4446,4600 MERLE HAY RD
3877,5901 DOUGLAS AVE
4902,821 BROADWAY ST
4428,4510 MORTENSEN RD
3798,2021 AVE E
2850,215 E EUCLID AVE
3624,300 IOWA SPEEDWAY DR
4249,115 ESSIE DAVISON DR
4700,"306, N MAIN"
4012,1401 BUCHANAN ST
3631,104 MARKET ST PO BOX 206
4250,1232 14TH ST
4847,1301 EAGLE RIDGE RD
4519,1850 22ND ST
4673,327 5TH ST
4624,300 E BLAIRS FERRY RD
5140,"114, S  2ND  ST"
4288,2000 WILEY BLVD SW STE 106
4125,503 HWY 61 SOUTH
4823,903 N SUMNER AVE
4773,2704 VINE ST
4134,105 W MONROE ST
3889,700  29 ST SW
4993,"1301, MAIN ST"
3774,1800 ELM ST
4419,2091 E MAIN ST
4449,12041 DOUGLAS PKWY
4712,345 E 20TH ST
4161,2530 WESTWINDS DR
2459,200 STATE PO BOX 98
3614,200 OAK GROVE DR
4872,975 N CHESTNUT AVE
4381,2177 M AVE
3761,200 N WALNUT ST
4202,4267 SERGEANT RD
4116,223 MAIN ST
2838,1655 W KIMBERLY RD
4034,123 N LAWLER ST
5145,1101 ARMY POST RD
4992,305 US 34 BUSINESS
4917,1115 IA HWY 141
4080,809 EAST 18 ST
5071,408 6TH AVE
4068,136  1ST ST
4166,1314  7TH ST
4820,712 S OAK ST
3352,900 EAST MAIN ST.
4247,115 SECOND  AVE SE
2658,402 S HAYES ST
4909,"1004, MAIN ST"
2238,3200 Adventureland Dr
4967,"102, W MAYNE ST"
5011,2177 M AVE
3616,410 W MAIN ST
4387,300 18TH ST
2559,301 HWY. 34 WEST
3583,220 EAST JEFFERSON
4843,"2418, STEWART RD"
4502,"2100, LAFAYETTE ST"
4526,4307 W LOCUST ST
4536,2699 ROCKDALE
4593,1404 MAIN ST
4234,104 E EIGHTH ST
2609,500 MAIN ST
3890,904  1ST AVE NW
4388,11925 UNIVERSITY AVE
3783,14 1/2 E ELM
4782,406 E MAIN ST
4878,"215, S RERICK AVE"
3859,302 ENTERPRISE DR SW
4660,"1904, MT VERNON RD SE"
3790,1045 N GRAND AVE
4000,5TH AND LINCOLN WAY
3873,1441 CORAL RIDGE AVE
4893,105 GRAND AVE
4568,4103 FLOYD BLVD
4520,902 N HWY 69
4380,620 S DOWNEY ST
4592,"2401, MAIN"
3949,1650 WASHINGTON ST
4051,110 WESTGATE DR
4563,315 MAIN ST
4797,1330 E UNIVERSITY AVE
5125,1320 E  EUCLID AVE
4181,1101 RHOMBERG AVE
5029,"211, W 53RD ST"
4640,"3527, SPRING ST"
4685,2360 Central
4813,"2293, HWY 30"
4266,705 S FREMONT
3712,109 N 4TH ST
4603,3200 SE 14th ST
4498,644 220th St
4300,311  3RD AVE W
4438,111 DUFF AVE
4689,2639 AVENUE L
5048,"412, GARFIELD ST"
4649,3418 W BROADWAY
3853,3108 WEST CENTRAL PARK AVE #2
4448,4860 NW URBANDALE DR
4069,1325 ALBIA RD
4646,104 4th ST
4771,"502, E AVE NW"
5192,"990, ROBINS SQUARE DR"
2672,923 N  1ST ST
3542,244 W 4TH ST
4415,420 SHERMAN ST
4758,1100 EAST 5TH ST
4634,"4201, CENTER POINT RD NE"
4749,1660 W LOCUST ST
4732,15601 HICKMAN RD
5126,4343 MERLE HAY RD
4408,315 STORY ST
4464,5B  LINCOLN AVE
4436,203 WELCH AVE
4280,1301 EAGLE RIDGE RD
4814,306 BYRON AVE
4899,"124, W ROBINS ST"
4232,23828 HWY J18
3698,1300  50TH ST
4808,"3500, AVE A"
5046,"707, PALEAN ST"
2841,2711 MT VERNON RD
4491,3349 MT VERNON RD SE
4933,2107 AGENCY ST
4326,829 SHAKESPEARE AVE
5091,501 CEDAR ST
4169,1824 HUBBELL AVE
4023,1515 SE MARSHALL ST
4816,1303 W SHERIDAN AVE
4703,100 PIERCE ST
3484,110 W CEDAR ST
4582,"2402, 17th ST"
4084,3205 NORTH ANKENY BLVD
4322,103 N MAIN ST
4313,301 POPLAR ST
4103,3619 STANGE RD
4625,1602 AVENUE G
4500,595 N KANSAS AVE
2660,1951 S MAIN AVE
4373,141 S JORDAN CREEK PKWY
3908,11802 AVENUE H
4825,400 S MAIN ST
4792,1100 GREENE ST
4337,1415 GRAND FALLS BLVD
4516,205 BROWN ST
3973,126A WELCH AVE
2852,2303 MERLE HAY RD
5060,"504, E BURLINGTON ST"
4915,"3902, STATE ST"
5068,612 S HIGHWAY 71
4569,202 WEST SOUTHERN ST
4664,1127 STORY
4324,22 NORTH MAIN
4141,3000 SE 22ND ST
4508,805 GRAND AVE S
5198,826 E RIVER DR
4480,1530 NORTH 2ND ST
4835,4107 CENTER POINT RD NE
5133,"102, ALBANY AVE NE"
4148,1400 3RD AVE SE
4726,901 N ANKENY BLVD
4908,107 1st ST SW
4747,1805 BRADY ST
4258,920 LAWRENCE DR
4845,"216, 3RD ST SE"
4898,"130, S ROOSEVELT AVE"
4676,711 GORDON DR
4126,123 E MAIN ST
4039,1817 W BROADWAY
4670,"600, 7TH AVE SW"
2583,528 S HWY 1
5127,3425 INGERSOLL AVE
5067,"1101, N  LAKE AVE"
4857,1108 W AGENCY RD
4714,1000 N JEFFERSON ST
4846,"706, 10TH ST"
3906,412 N ROOSEVELT ST
4511,303 SE 30TH ST
4188,882 MAIN ST
4888,302 1ST ST
5115,"204, E SOUTH ST"
4768,8228 DOUGLAS AVE
4570,"1804, HWY BLVD"
4196,1635 WEST 53RD ST
5173,"104, MARKET ST"
5182,1749 W BROADWAY
4417,109 S 5TH ST
3045,8 2ND ST NW
3393,111 W MAIN ST.
4959,2128 COLLEGE ST
4895,5427 CENTER POINT RD NE
4663,236 PEOSTA ST
4653,"508, N ELM"
4828,916 E MAIN ST
3492,319 COURT ST
3826,777 CASINO DR
4683,1459 ANSBOROUGH AVE
4694,"3815, WEST KIMBERLY RD"
4554,1821 HAMILTON BLVD
3847,735 LOGAN AVE
5069,101 N LAKE ST
4864,1641 S BLUFF BLVD
3880,3804 METRO DR
4225,1701 IOWA AVE
4595,4024 FLEUR DR
4282,4107 CENTER POINT RD
4270,2508 N COURT ST
5093,1220 N CODY RD
4572,"1400, G AVE"
2847,"3499, 7th AVE"
4632,1443 2nd AVE
4259,901 S MARKET
5003,2604 W LOCUST ST
4138,1309 W 2ND
4254,2008  12TH ST
4505,6417 NORTHGLEN DR
4421,609 CENTRAL AVE W
4360,405 1ST AVE E
4459,1120 S COMMERCIAL
4596,2945 E UNIVERSITY
4283,680 LINDALE DR
4547,309 CENTRAL AVE WEST
2848,104 E FIRST ST
4302,1829 6TH AVE
5040,1300 NICOLAUS ST
3725,101  6TH ST
4533,110 N HWY 218
4605,1203 BLAIRS FERRY RD
4539,900 LOCUST ST
4221,4335 TEXAS ST
4950,1420 MT VERNON RD
4704,1531 2nd AVE
4803,104 E EUCLID AVE
3910,3184 HIGHWAY 22
4404,1825 N ANKENY BLVD
4033,221 MAIN ST
4671,9 N ELK RUN RD
4894,828 W RIVER DR
4589,1026 2nd AVE
4173,132 NORTH MAIN ST PO BOX 306
5090,709 GRANDVIEW AVE
4466,515 W WATER ST
4389,204 S MAIN ST
4018,310 SECOND ST PO BOX 249
4195,1005 S COUNTY LINE RD
3635,302 WEST WALNUT ST
4538,402 NORTH MAIN ST
4475,2713 S 24TH ST
5176,"455, EDGEWOOD RD NW"
5036,4107 CENTER POINT RD NE
4620,304 4th ST
3929,515 1/2 BROADWAY ST
4719,4900 MILLS CIVIC PKWY
3930,106 W MAINS ST PO BOX 142
4827,108 E COLLEGE ST
4424,1012 MAPLE ST
4461,7220 HICKMAN RD
3882,2805 TELEGRAPH RD
3652,604 W 2ND
4766,2150 TWIN VALLEY DR
4187,109  5TH ST
5074,3338 CENTER POINT RD NE
4359,350 SE UNIVERSITY AVE
5117,"613, N 3RD AVE"
5149,"1900, SUMMER ST"
4293,121 WALNUT
5004,200 SUSAN LAWRENCE DR
3944,4400 ASBURY RD
5034,18 N MONROE AVE
4787,2722 NE 120TH ST
3003,820 E. MAIN STREET
5089,"614, E ERIE ST"
3543,101 MAIN ST
4452,2825 GORDON DR
4110,706 HIGHWAY 57
3064,804 NILE KINNICK DR S
4865,412 GARFIELD ST
5075,"202, S MAIN ST"
4940,301 WATER ST
4059,1206 7TH AVE
4674,2108 ISSAC NEWTON DR
4911,"500, HWY 67 N"
4549,702 US HWY 65
4035,3105 HUDSON RD
5148,"882, MAIN ST"
4882,"209, E MAIN ST"
4985,101 FIRST ST
4369,2992 SUNSET DR
5151,"500, HWY 175"
4472,1023 SOUTH MAIN
4928,1829 6TH AVE
4325,509 S 3RD AVE
4310,205 WEST BLUFF ST
4876,"655, ROBBINS RD"
4890,4400 128TH ST
4627,"807, 1st ST"
4052,"300  1ST ST, STE F"
4356,136 LINCOLN HWY
4130,20611 HWY 1 N
4561,3539 LAFAYETTE RD
4786,1021 N 1st ST
4274,1701 RAILROAD ST
4755,1251 4th ST SW
4492,3625 EDGEWOOD RD SW
4506,403 STEPHENS ST
4754,320 W BREMER AVE
4319,710 FIRST AVE N
4172,1204 WATER ST PO BOX 177
4541,502 MARKET
5056,"1305, N 25TH ST"
4690,5358 HWY 64
4907,2323 MAIN ST
4836,25 W BURLINGTON ST
4949,"828, W RIVER DR"
5027,111 3RD ST
4868,400 PRAIRIE BLUFF DR
4793,5002 AVENUE O
4699,830 MIDDLE RD
4963,"408, 6TH AVE"
5097,3717 1st AVE SE
4362,303 W BROADWAY ST
4090,135 MADISON ST
4430,1601 FIFTH AVENUE S
4944,"290, HWY 28"
4774,"1615, CENTRAL AVE"
5116,"702, 1st AVE E"
4584,611 MAIN ST
4956,"4920, JOHNSON AVE NW"
4523,312 W WASHINGTON ST
4661,"1900, SE 37th ST"
4923,"100, PEARL ST"
4375,801 N 1ST ST
4636,2904 CENTER POINT RD NE
4189,109 EAST MARION ST
5065,"2520, GORDON DR"
4859,421 N MAIN ST
4535,4003 PERU RD
4662,"1532, ELLIS BLVD NW"
5000,1800 SOUTH B AVE
4043,1703 MT PLEASANT ST
4934,"605, 6th ST S"
4896,"403, CHESTNUT ST"
3864,201 S MAIN ST PO BX 40
5172,2000 WILLEY BLVD SW
4943,"205, 4th ST"
3962,618 DURANT ST
5166,1116 E NEVADA ST
5096,625 PACHA PARKWAY
4551,201 SUNSET ST
5109,1020 GATEWAY DR
4641,5830 SE 14th ST
3534,207 S HILLTOP AVE
4853,6130 NW 86TH ST
4736,1225 7TH AVE
4834,2603 SECOND AVE
4691,701 RAILROAD ST
4738,"1030, VETERAN MEMORIAL HWY"
3969,205 NE 6TH ST
4705,102 SECOND ST
4384,409 NILE KINNICK DR
4744,2821 1ST AVE SE
2671,"106, W WASHINGTON ST"
4821,901 S MARKET ST
4669,"833, 42ND ST"
4194,120 N 3RD AVE E
4613,402 E 6th ST
5138,"103, BLAIR ST"
4101,301 WATER ST  PO BOX 166
4353,2905 FOURTH AVE
5043,919 W 5TH ST
4578,201 S 4TH ST
4756,5 E ANSON
4966,1100 E 5TH ST
4858,4305 W MT PLEASANT
4870,1032 STATE ST
4741,535 E BROADWAY
4476,15 NORTH 16TH ST
4113,3134 MANAWA CENTRE DR
4512,"2332, FALLS AVE"
4352,301 W TAYLOR ST
5010,106 S 16TH ST
4745,3325 16TH AVE SW
4248,2603 PARK ST
5135,911 HWY 69
4567,4685 NW 2nd AVE
4094,218 WELCH AVE STE 3
4796,4555 FLEUR DR
5013,3715 STATE ST
4647,1615 BISHOP AVE
5009,"1101, 2ND ST"
4401,3215 7TH AVE
5123,15500 W  HICKMAN RD
4763,4141 CENTER POINT RD NE
4753,110 S 5TH ST
5033,4335 TEXAS ST
4702,2503 5th AVE S
3891,777 MAIN ST
4730,6200 MERLE HAY RD
4626,"3632, AVENUE G"
4936,2 N  EYBERG ST
4941,6990 DOUGLAS AVE
5031,101 COMMERCIAL ST
4457,513 S RIVERSIDE DR
4833,1804 135th AVE
4761,3910 UNIVERSITY AVE
4026,810 W 7 ST
4748,4011 E 53RD ST
3871,1800  35TH ST
4050,437 SULLIVAN
4654,629 S DIVISION ST
4537,401 NW CHURCH ST
5063,"735, LOGAN AVE"
4119,214 VIKING PLAZA DR
5077,1800 N 16TH ST
4159,310 MCKENZIE AVE
5044,"111, MORMON BRIDGE RD"
5047,"180, COLLINS RD NE"
4532,720 HWY 71
4591,"222, CENTRAL AVE"
4135,620 SE 8TH ST
4527,105 SE FIRST ST
5153,2403 US HWY 18
4810,3603 NE OTTERVIEW CIRCLE
4710,55 JOHN F KENNEDY RD
4298,305 CRISMAN ST
4518,6630 MILLS CIVIC PARKWAY
4765,2335 UNIVERSITY AVE
5080,719 2ND AVE W
4727,2702 SE DELAWARE AVE
3016,200 SOUTH STATE ST
5076,4200 S YORK ST
4926,4923 MERLE HAY RD
4852,2604 16th AVE
4789,419 MERRILL ST
4503,102 W MAIN ST
4385,1453 CO HWY G76
4275,1308 S LINCOLN ST
4493,5655 C ST SW
5146,329 GRAND AVE
4041,2344 CAMANCHE AVE
4740,2508 W BROADWAY
4838,"102, W VETERANS DR"
4781,"2245, US HWY 71"
4885,"18820, BELLEVUE CASCADE RD"
4501,1601 W BURLINGTON AVE
4751,1720 W KIMBERLY RD
3803,128 W MISSION
4798,3140 SE 14TH ST
4371,745 S 51ST ST
4987,419 LINCOLN WAY
5005,410 W MAIN ST
3895,550 DIVISION ST
4470,1976 FRANKLIN ST
4955,504 1st ST SW
4341,524 MAIN ST
4687,3132 1st AVE NE
4657,308 N WASHINGTON
4372,1303 4TH ST SW
4656,17005 HWY 69
4746,1703 PARK AVE
5162,"6401, DOUGLAS AVE"
4733,4600 86th ST
4066,1201 NORTH JEFFERSON STE 100
4921,5340 16TH AVE SW
4975,1900 HAMILTON BLVD
4916,505 E VINE AVE
4948,102 W HWY 30
4416,501 ANTUQUE COUNTRY DR
4998,820 E MAIN ST
4785,1019 N CHESTNUT ST
4465,714 S EAST ST
4450,4585 156TH ST
4531,501 N DOUGLAS ST
4759,1850 LOGAN AVE
4095,200 BROADWAY ST
4515,2721 DOWS WILLIAMS RD
5106,622 10TH  ST
4718,1660 22ND ST
4850,4141 CENTERPOINT RD NE
4978,3535 MARIGOLD DR
4722,201 S CENTRAL AVE
4961,1200 CEDAR CROSS RD
4552,222 W FRONT ST
4590,"601, MAIN ST"
4924,"2757, CHARLES CITY RD"
4942,"333, E GRAND AVE"
5134,"609, S MAIN ST"
4679,5750 C AVE NE
4621,"100, MAIN ST"
4906,3221 FIRST AVE SE
5094,"201, 8TH AVE SE"
4760,111 W RIDGEWAY AVE
5188,1005 GORDON DR
4488,20 MILLER AVE SW
5100,648 N  MARQUETTE ST
5174,"437, SULLIVAN AVE"
4530,1495 STATE ST
5049,1069 230TH ST
4386,613 N. 3RD AVE N
4780,"576, N MAIN AVE"
4790,"109, WAPELLO ST"
2669,"103, E JACKSON ST"
4365,1002 WEST ST
5110,"200, N WALNUT ST"
4560,"1006, CHATBURN AVE"
4546,705 IDAHO ST
4910,1008 LAPORTE RD
4038,501 HIGHWAY 39 NORTH
4919,101 8TH ST SW
4486,1001 SANBORN AVE
5183,717 1st  AVE
9001,1441 MARAK RD NW
4367,1224 N FEDERAL AVE
5026,119 N MAIN ST
4688,105 E 6th ST
4731,12753 UNIVERSITY AVE
3554,102 N MAIN
4534,141 W GILLET ST
4407,1201 E MAIN ST
4799,2930 E UNIVERSITY AVE
4489,641 EDGEWOOD RD NW
4643,"2405, N BROADWAY ST"
4925,8600 MEREDITH DR
4717,3425 MIDDLE RD
4639,902 1st AVE N
4734,7000 DOUGLAS AVE
4607,"1131, S HWY 52"
4543,1100 EAGLE VIEW DR
4581,2728 CENTER ST
4573,1211 WASHINGTON ST
4396,606 GRUNDY AVE
5150,"901, 3RD  ST"
5175,"502, 3rd  ST"
5111,2601 HWY 6 EAST
4784,2330 WILEY BLVD SW
5053,"610, EASTBURY DR"
