Item Number,Item Description,Category
43410,Captain Morgan Parrot Bay Coconut,1062300
37348,Phillips Vodka,1031080
64862,Fireball Cinnamon Whiskey,1081600
30236,Gilbey's Gin London Dry,1041100
73052,Rumchata,1081200
40335,Skinnygirl Meyer Lemon,1031200
45886,Sailor Jerry Spiced Navy Rum,1062310
35916,Five O'clock Vodka,1031080
36978,Nikolai Vodka,1031080
32231,Seagrams Extra Dry Gin Mini,1041100
22216,Woodford Reserve Bourbon,1011200
89533,Familia Camarena Reposado,1022100
65191,Hpnotiq Mini,1082900
89617,Sauza Cien Anos Reposado,1022100
65896,Metaxa Ouzo,1082900
16518,Ancient Age Bourbon,1011200
41701,Uv Orange Vodka,1031200
37356,Phillips Vodka Ez Pack,1031080
73516,Dekuyper Cactus Juice Schnapps,1081380
10808,Crown Royal Regal Apple,1012100
34007,Absolut Swedish Vodka 80 Prf,1032080
48099,Hennessy VS,1052010
48106,Hennessy Vs Cognac,1052010
24454,Kessler Blend Whiskey,1011100
40289,New Amsterdam Coconut,1031200
37994,Smirnoff Vodka 80 Prf,1031080
10626,Canadian Club Whisky,1012100
80485,Tippy Cow Chocolate,1081200
11786,Black Velvet Traveler,1012100
55106,Phillips Blackberry Flav Brandy,1051110
38169,360 Vodka,1031080
72816,Caffe Lolita Coffee Liqueur,1081030
30058,Fleischmann's Gin,1041100
23824,Five Star,1011100
41786,Smirnoff Orange Vodka,1031200
16562,Angel's Envy Port Finished,1011200
5486,Macallan 12 Yr Single Malt Scotch,1012210
8828,Lauder's,1012200
4357,Balvenie 17YR Doublewood,1012210
27783,Jim Beam Apple,1011200
40946,Smirnoff Watermelon Vodka,1031200
45887,Sailor Jerry Spiced Navy Rum,1062310
41693,Uv Blue (raspberry) Vodka,1031200
8827,Lauder's,1012200
36969,New Amsterdam Vodka,1031080
17086,Bulleit Bourbon,1011200
26827,Jack Daniels Old #7 Black Lbl,1011300
43336,Captain Morgan Original Spiced,1062310
11297,Crown Royal Canadian Whisky,1012100
73050,Rumchata,1081200
82837,Dekuyper Raspberry Pucker,1081335
24451,Kessler Blend Whiskey Mini,1011100
26820,Jack Daniels Old #7 Black Lbl Flat,1011300
82898,Dekuyper Mixed Berry Medley,1081380
86796,Southern Host Whiskey Liqueur,1081600
67296,Yukon Jack Perma Frost Schnapps,1081380
36304,Hawkeye Vodka,1031080
42717,Malibu Coconut Rum,1062300
53214,Paul Masson Grande Amber Brandy,1051010
52594,E & J Vs Brandy,1051010
11298,Crown Royal Canadian Whisky,1012100
84496,Paramount Strawberry Schnapps,1081355
63963,Uv Pink Lemonade Cocktail Pet,1071100
26828,Jack Daniels Old #7 Black Lbl,1011300
34566,Pearl Vodka PET,1032080
63355,Skinnygirl Margarita,1071100
56850,Bacardi Party Drinks Bahama Mama,1071100
80024,Blue Chair Bay Banana Rum Cream,1062300
22787,Beam's 8 Star Bl Whiskey,1011100
41592,Smirnoff Lime Vodka,1031200
87510,1800 Silver Tequila,1022100
20248,Old Crow,1011200
33282,Seagram's Pineapple Twisted,1041150
34244,Chopin Vodka,1032080
36308,Hawkeye Vodka,1031080
41989,Uv Cake Vodka,1031200
19476,Maker's Mark,1011200
82867,Dekuyper Watermelon Pucker,1081370
88556,Sauza Blanco Silver,1022100
65066,Goldschlager Cinnamon Schnapps,1081390
35914,Five O'clock Vodka,1031080
43302,Captain Morgan Black Spiced,1062310
34366,Fris Danish Vodka,1032080
34061,Absolut Ruby Red,1032200
49185,Remy Martin Vsop (flask),1052010
82610,Dekuyper Hot Damn!,1081315
37938,Skol Vodka,1031080
11296,Crown Royal,1012100
11777,Black Velvet,1012100
65257,Jagermeister Liqueur,1082900
11788,Black Velvet,1012100
42718,Malibu Coconut Rum,1062300
31654,Paramount Gin,1041100
43028,Admiral Nelson Spiced Rum,1062310
11294,Crown Royal Canadian Whisky,1012100
29566,Burnett's Gin London Dry,1041100
38008,Smirnoff Vodka 80 Prf Pet,1031080
34006,Absolut Swedish Vodka 80 Prf,1032080
12406,Canadian Ltd Whisky,1012100
30036,Five O'clock,1041100
10805,Crown Royal Regal Apple,1012100
43334,Captain Morgan Spiced Rum,1062310
52581,E & J Vsop Superior Reserve,1051010
69636,Dr. Mcgillicuddy's Cherry Schnapps,1081390
35418,Burnett's Vodka 80 Prf,1031080
27056,Jim Beam Rye,1011500
57148,Chi-Chi's Margarita W/tequila,1071100
19064,Jim Beam,1011200
73053,Rumchata,1081200
67524,Kahlua Coffee Liqueur,1081030
89191,Jose Cuervo Especial Reposado Tequila Mini,1022100
43338,Captain Morgan Spiced Rum,1062310
10550,Black Velvet Toasted Caramel,1012100
43121,Bacardi Superior Rum Mini,1062200
10555,Black Velvet Toasted Caramel,1012100
45884,Sailor Jerry Spiced Navy Rum,1062310
64776,Cointreau Liqueur,1082900
34423,Grey Goose Vodka,1032080
35918,Five O'clock Vodka,1031080
82787,Dekuyper Buttershots,1081312
15739,2 Gingers,1012300
43127,Bacardi Superior Rum,1062200
26826,Jack Daniels Old #7 Black Lbl,1011300
35934,Grey Goose Cherry Noir,1032200
65256,Jagermeister Liqueur,1082900
10819,Crown Royal Maple,1012100
43037,Bacardi Gold Rum,1062200
41694,Uv Blue (raspberry) Vodka,1031200
5446,Laphroaig 10 Yr Single Malt Scotch,1012210
89206,1800 Reposado Tequila,1022100
10628,Canadian Club Whisky,1012100
43136,Bacardi Limon,1062300
58836,Jose Cuervo Authentic Lime Margarita,1071100
36903,Mccormick Vodka,1031080
18196,Ezra Brooks 50 Mo Ky Sour Mash Bourbon,1011200
37991,Smirnoff Vodka 80 Prf Mini,1031080
8825,Lauder's Scotch Traveler,1012200
5289,J & B Rare Scotch,1012200
65254,Jagermeister Liqueur,1082900
11771,Black Velvet Mini,1012100
43126,Bacardi Superior Rum,1062200
21598,Ten High,1011200
37996,Smirnoff Vodka 80 Prf,1031080
11348,Seagrams V.o. Bl Canadian Whisky Pet,1012100
25607,Seagrams 7 Crown Bl Whiskey,1011100
36886,Mccormick Vodka,1031100
41746,Smirnoff Citrus Vodka,1031200
42712,Malibu Coconut Rum Mini,1062300
36306,Hawkeye Vodka,1031080
34578,Pinnacle Vodka,1032080
81204,Paramount Peppermint Schnapps,1081300
53206,Paul Masson Vsop Grande Amber Brandy,1051010
89194,Jose Cuervo Especial Reposado Flask,1022100
17956,Evan Williams Str Bourbon,1011200
82607,Dekuyper Sour Apple,1081305
67527,Kahlua Coffee Liqueur,1081030
89197,Jose Cuervo Especial Reposado Tequila,1022100
43128,Bacardi Superior Rum,1062200
69941,Rumple Minze Peppermint Schnapps Liqueur Mini,1081390
10627,Canadian Club Whisky,1012100
12404,Canadian Ltd Whisky,1012100
48105,Hennessy VS,1052010
13038,Canadian Reserve Whisky,1012100
56846,Bacardi Party Drinks Rum Island Iced Tea,1071100
43123,Bacardi Superior Rum,1062200
52316,Christian Bros Brandy,1051010
64858,Fireball Cinnamon Whiskey Mini Dispenser,1081600
52312,Christian Bros Brandy,1051010
58875,Jose Cuervo Golden Margarita,1071100
921600,E.H. Taylor Jr. Barrel Proof HA,1011200
86807,Southern Comfort Bold Black Cherry,1081600
82846,Dekuyper Luscious Peachtree Schnapps,1081330
5006,Glenfiddich 12yr Special Reserve,1012210
82637,Dekuyper Grape Pucker,1081317
37976,Skyy Vodka Glow,1701100
45248,Paramount Gold Rum,1062200
85316,Paramount Anisette,1081020
11290,Crown Royal Canadian Whisky Mini,1012100
64000,Absente,1082900
86672,Jack Daniel's Tennessee Honey,1011300
86250,Juarez Triple Sec,1081400
78456,Paramount Creme De Cacao/dark,1081220
64864,Fireball Cinnamon Whisky,1081600
25601,Seagrams 7 Crown Bl Whiskey Mini,1011100
56828,Bacardi Classic Cocktails Mojito,1071100
34422,Grey Goose Vodka,1032080
42006,Appleton Signature Blend,1062100
87937,Juarez Tequila Silver,1022100
89196,Jose Cuervo Especial Reposado Tequila,1022100
82126,Arrow Peach Schnapps,1081330
76487,Paramount Amaretto,1081010
28086,Beefeater Gin,1042100
58885,Jose Cuervo Light Wild Berry Margarita,1071100
52596,E & J Vs,1051010
17127,Cabin Still Str Bourbon,1011200
69945,Rumple Minze Peppermint Schnapps Liqueur,1081390
20286,Old Crow Traveler,1011200
49189,Remy Martin Vsop Cognac,1052010
76042,Midnight Moon Blackberry,1081700
10632,Canadian Club Reserve Triple Aged,1012100
43415,Captain Morgan Lime Bite,1062300
52579,E & J Vsop Superior Reserve Mini,1051010
15248,Windsor Canadian Pet,1012100
36301,Hawkeye Vodka 80 Prf Mini,1031100
75212,Kinky Blue Mini,1081900
21480,Benchmark Old No. 8,1011200
472,Jack Daniels Tennessee Honey w/Glass,1701100
22156,Wild Turkey 101,1011200
77735,Viniq,1081900
36904,Mccormick Vodka Pet,1031080
58835,Jose Cuervo Authentic Lime Margarita,1071100
41796,Smirnoff Raspberry Vodka,1031200
35917,Five O'clock Vodka,1031080
41707,Phillips Lime Flavored Vodka,1031200
47786,Courvoisier Vs Cognac,1052010
43337,Captain Morgan Spiced Rum,1062310
42167,Myers's Rum Original Dark,1062100
4626,Buchanan's 12 Yr Deluxe Scotch,1012200
69637,Dr. Mcgillicuddy's Cherry Schnapps,1081390
41698,Uv Ivory (vanilla) Vodka,1031200
11776,Black Velvet,1012100
69666,Dr. Mcgillicuddy's Vanilla,1081390
64868,Fireball Cinnamon Whiskey,1081600
45419,Phillips White Rum,1062200
41704,Uv Red (cherry) Vodka,1031200
10818,Crown Royal Maple,1012100
52582,E & J Vsop Superior Reserve,1051010
65253,Jagermeister Liqueur,1082900
43022,Admiral Nelson Spiced Rum Mini,1062310
36188,Gordon's Vodka 80 Prf - Pet,1031080
12408,Canadian Ltd Whisky,1012100
34821,Svedka Vodka,1032080
33286,Seagrams Peach Twisted Gin,1041150
68037,Bailey's Original Irish Cream,1081200
54706,Dekuyper Blackberry Brandy,1051110
37640,River Baron Artisian Spirit,1031080
44350,Calico Jack Cherry,1062300
35948,Fleischmann's Royal Vodka 80 Prf,1031080
45276,Paramount White Rum,1062200
32234,Seagrams Extra Dry Gin,1041100
75214,Kinky Blue,1081900
64755,Ciroc Red Berry,1032200
37998,Smirnoff Vodka 80 Prf,1031080
44217,Barton Rum Light,1062200
37418,Popov Vodka 80 Prf,1031080
53213,Paul Masson Grande Amber Brandy,1051010
86506,Paramount Triple Sec,1081400
69946,Rumple Minze Peppermint Schnapps Liqueur,1081390
89121,Cazadores Reposado,1022100
5329,Johnnie Walker Blue,1012200
68306,Emmets Irish Cream Liqueur,1081200
57092,Bacardi Classic Cocktails Strawberry Daiquiri,1071100
10624,Canadian Club Whisky,1012100
40593,New Amsterdam Peach,1031200
35926,Five O'clock PET Vodka,1031080
89175,Don Julio Anejo Tequila,1022100
15626,Jameson,1012300
37336,Uv Vodka,1031080
64866,Fireball Cinnamon Whiskey,1081600
37987,Skyy Vodka,1031080
55506,Paramount Cherry Flavored Brandy,1051120
4716,Chivas Regal 12 Yr,1012200
1012,Glenmorangie Original 10YR w/Glasses,1701100
56194,Paul Masson Peach Grande Amber Brandy Mini,1051140
34001,Absolut Swedish Vodka 80 Prf Mini,1032080
12464,Canadian Mist Whisky,1012100
36887,McCormick Vodka,1031100
67266,Yukon Jack Canadian Liqueur,1081600
36967,New Amsterdam Vodka,1031080
64867,Fireball Cinnamon Whiskey,1081600
10008,Scoresby Rare Scotch,1012200
42666,Mt. Gay Eclipse Rum,1062050
35527,Bakon Vodka,1031200
88310,Peligroso Silver,1022100
36908,Mccormick Vodka Pet,1031100
89085,Cruz Del Sol Reposado,1022100
25606,Seagrams 7 Crown Bl Whiskey,1011100
88296,Patron Tequila Silver,1022100
35637,Three Olives Purple Vodka,1032200
58872,Jose Cuervo Authentic Light Margarita Lime,1071100
40597,New Amsterdam Red Berry,1031200
87409,Jose Cuervo Especial Silver,1022100
86886,Southern Comfort,1081600
34359,Grey Goose Vodka,1032080
35982,Svedka Colada,1032200
44520,Cruzan Vanilla Rum,1062300
32238,Seagrams Extra Dry Gin,1041100
29998,Five O'clock Gin,1041100
23828,Five Star,1011100
75215,Kinky Gold Mini,1081900
89802,Sauza Blue Reposado,1022100
35913,Five O'clock Vodka,1031080
46687,Paradise White Sand Rum,1062310
38174,Titos Handmade Vodka,1031080
83906,Maui Blue Hawaiian Schnapps,1081365
65204,Tequila Rose Liqueur Mini,1081200
64736,Citronge,1082900
30318,Gordon's Gin London Dry - Pet,1041100
5326,Johnnie Walker Black,1012200
80687,Dekuyper Blustery Peppermint Burst Schnapps,1081300
25603,Seagrams 7 Crown Bl Whiskey,1011100
34116,Absolut Mandrin,1032200
73051,Rumchata Mini,1081200
28088,Beefeater Gin,1042100
73526,Dekuyper Melon Liqueur,1081900
42699,Malibu Mango Rum,1062300
82127,Arrow Peach Schnapps,1081330
36006,Fuzzy's Ultra Premium Vodka,1031080
32233,Seagrams Extra Dry Gin,1041100
89278,El Jimador Reposado Tequila,1022100
34746,Stolichnaya Russian Vodka 80 Prf,1032080
81196,Paramount Peppermint Schnapps Traveler,1081300
67595,Patron Xo Cafe,1081030
35873,Pinnacle Red Liquorice,1032200
89387,Juarez Tequila Gold,1022100
69657,Dr. Mcgillicuddy's Mentholmint,1081390
42703,Malibu Pineapple Rum,1062300
43116,Bacardi O,1062300
10826,Crown Royal XO,1012100
43244,Captain Morgan 100 Proof Spiced Rum,1062310
43287,Captain Morgan Parrot Bay Mango,1062300
4936,Famous Grouse Scotch,1012200
26823,Jack Daniels Old #7 Black Lbl,1011300
36258,Dehner Distillery Vodka,1031080
64136,Disaronno Amaretto,1081015
28867,Tanqueray Gin,1042100
45246,Paramount Gold Rum,1062200
75211,Kinky Liqueur,1081900
15244,Windsor Canadian Supreme Whisky,1012100
65536,Lucid Absinthe,1082900
43031,Bacardi Gold Rum Mini,1062200
80440,Ricacha Horchata,1081200
43331,Captain Morgan Spiced Rum Mini,1062310
52563,E & J Xo Brandy,1051010
86887,Southern Comfort,1081600
43027,Admiral Nelson Spiced Rum,1062310
38176,Titos Vodka,1031080
27410,Jim Beam Honey,1011200
43051,Bacardi Dragon Berry,1062300
11347,Seagrams V.o. Bl Canadian Whisky,1012100
53216,Paul Masson Grande Amber Brandy,1051010
56843,Bacardi Party Drinks Zombie,1071100
28233,Bombay Sapphire Gin,1042100
69658,Dr. Mcgillicuddy's Mentholmint,1081390
81207,Paramount Peppermint Schnapps,1081300
42141,UV Sugar Crush Mini,1031200
26824,Jack Daniels Old #7 Black Lbl Square,1011300
38178,Titos Handmade Vodka,1031080
35416,Burnett's Vodka 80 Prf,1031080
27102,Templeton Rye,1011500
89150,Cabrito Reposado,1022100
82613,Dekuyper Hot Damn!,1081315
38006,Smirnoff Vodka Traveller,1031080
903356,Whaler's Vanille',1062300
19478,Maker's Mark,1011200
41279,Burnett's Grape Vodka,1031200
45278,Paramount White Rum,1062200
69947,Rumple Minze Peppermint Schnapps Liqueur,1081390
43134,Bacardi Limon,1062300
82786,Dekuyper Buttershots Schnapps,1081312
76436,Old St. Nick''s Egg Nog,1701100
40186,New Amsterdam Orange,1031200
71886,Amaretto E Dolce,1081010
45277,Paramount White Rum,1062200
11366,Crown Royal Special Reserve,1012100
4868,Dewars White Label Scotch,1012200
1799,Captain Morgan Spiced Barrel,1062310
23708,Fleischmann's Preferred Bl Whiskey,1011100
34008,Absolut Swedish Vodka 80 Prf,1032080
24456,Kessler Blend Whiskey,1011100
53210,Paul Masson Grande Amber Brandy,1051010
57049,Barton Long Island Ice Tea,1071100
35317,Barton Vodka,1031080
45888,Sailor Jerry Spiced Navy Rum,1062310
49176,Remy Martin Vs Cognac,1052010
22157,Wild Turkey 101,1011200
40976,Smirnoff Cherry Vodka,1031200
41681,Uv Red (cherry) Vodka,1031200
69611,Dr. Mcgillicuddy's Apple Pie Schnapps,1081390
31475,New Amsterdam Gin,1041100
29997,Five O'clock Gin,1041100
43237,Captain Morgan Parrot Bay Strawberry,1062300
86884,Southern Comfort,1081600
24158,Hawkeye Blend Whiskey,1011100
56957,Bartenders Hot Sex,1071100
15940,Tullamore Dew Irish Whisky,1012300
15884,Teeling Small Batch Irish Whiskey,1012300
15644,Jameson,1012300
84457,Paramount Peach Schnapps,1081330
37997,Smirnoff Vodka 80 Prf,1031080
19486,Maker's 46,1011200
73986,Di Amore Amaretto,1081010
54448,Paramount Apricot Flavored Brandy,1051100
43328,Captain Morgan White,1062200
67273,Yukon Jack Jacapple,1011100
15628,Jameson,1012300
34823,Svedka Clementine Vodka,1032200
68127,Carolan's Irish Cream Liqueur,1081200
41076,Jeremiah Weed Sweet Tea Vodka,1031200
89193,Jose Cuervo Especial Reposado Tequila,1022100
82606,Dekuyper Sour Apple Pucker,1081305
27625,Whitetail Caramel Flavored Whiskey,1011100
65061,Goldschlager Cinnamon Schnapps Mini,1081390
34433,Grey Goose Vodka,1032080
41360,Uv Pink Lemonade Vodka,1031200
80578,Arrow Peppermint Schnapps,1081300
11774,Black Velvet,1012100
19477,Maker's Mark,1011200
43285,Captain Morgan Original Spiced Rum Pet,1062310
43316,Captain Morgan Private Stock Rum,1062310
34995,Three Olives Grape Vodka,1032200
9426,Passport Scotch,1012200
23826,Five Star,1011100
86774,Six Shooter Smoke,1011100
37937,Skol Vodka,1031080
73054,Rumchata,1081200
11346,Seagrams V.o. Bl Canadian Whisky,1012100
5347,Johnnie Walker Red Label Scotch,1012200
54446,Paramount Apricot Flavored Brandy,1051100
40810,Skyy Infusions Passion Fruit,1031200
41696,Uv Green (apple) Vodka,1031200
67526,Kahlua Coffee Liqueur,1081030
42002,Uv Cake Vodka,1031200
73517,Dekuyper Cactus Juice,1081380
28866,Tanqueray Gin,1042100
63522,Salvador's Margarita 4pak,1071100
52598,E & J Vs,1051010
42716,Malibu Coconut Rum,1062300
65126,Grand Marnier Cordon Rouge,1082900
68126,Carolan's Irish Cream Liqueur,1081200
11586,Black Velvet Reserve,1012100
82826,Dekuyper Ragin' Root Beer Schnapps,1081340
41209,Firefly Sweet Tea Vodka,1031200
5319,Johnnie Walker Platinum,1012200
58868,Jose Cuervo Authentic Strawberry Margarita,1071100
40126,Burnett's Mango Pineapple,1031200
73055,Rumchata,1081200
43124,Bacardi Superior Rum,1062200
64676,Chambord Liqueur Royale De France,1082900
34458,Ketel One Imported Vodka,1032080
8826,Lauder's Scotch,1012200
77647,Smirnoff Citrus,1031200
35891,Three Olives Cake Flavored Vodka,1032200
76486,Paramount Amaretto,1081010
35780,Pinnacle Cake Vodka,1032200
25876,Sunny Brook Blend Whiskey,1011100
14192,Pendleton Canadian Whisky,1012100
31473,New Amsterdam Gin,1041100
34036,Absolut Pears,1032200
37416,Popov Vodka 80 Prf,1031080
22786,Beam's 8 Star Bl Whiskey,1011100
41604,Uv Grape Vodka,1031200
12478,Canadian Mist Canadian Why Pet,1012100
80827,"Ice 101, Peppermint Schnapps",1081300
89496,Margaritaville Gold Tequila,1022100
76046,Midnight Moon Cranberry,1081700
89215,Jose Cuervo Tradicional Reposado Tequila,1022100
36976,Nikolai Vodka,1031080
82626,Dekuyper Cherry Pucker Schnapps,1081380
86670,Jack Daniel's Tennessee Honey,1011300
83370,Ice Hole Mint Schnapps,1081300
58840,Jose Cuervo Authentic Grapefruit Tangerine Margarita,1071100
71731,American Harvest Organic Spirit,1031080
86112,Dekuyper Triple Sec,1081400
37993,Smirnoff Vodka 80 Prf,1031080
80096,Dekuyper Signature Creme De Banana,1081900
68043,Bailey's Coffee Irish Cream,1081200
55068,Mr. Boston Blackberry Brandy,1051110
84170,99 Bananas,1081380
40407,UV Salty Watermelon Mini,1031200
21236,Ridgemont Reserve 1792,1011200
44657,Lady Bligh Spiced Rum,1062310
68611,McCormick's Irish Cream,1081200
10549,Black Velvet Toasted Caramel Mini,1012100
33717,Paramount Sloe Gin,1041200
43156,Bacardi 151 Proof Rum,1062200
64573,Ciroc Pineapple,1032200
19066,Jim Beam,1011200
77378,Smirnoff Sorbet Light Raspberry Pomegranate,1031200
80236,Iowish Cream Liqueur,1081200
40604,Smirnoff Kissed Caramel,1031200
34030,Absolut Citron (lemon Vodka),1032200
89796,Sauza Conmemorativo,1022100
59154,1800 Ultimate Margarita,1071100
63359,Skinnygirl White Peach Margarita,1071100
16676,Basil Hayden 8YR,1011200
89453,Kah Anejo,1022100
43125,Bacardi Superior Rum Pet,1062200
82957,Firewater Cinnamon Schnapps,1081315
83363,Ice Hole Butterscotch Schnapps,1081312
89029,Avion Anejo,1022100
36901,McCormick Vodka Mini,1031080
19067,Jim Beam,1011200
82146,Arrow Raspberry Schnapps,1081335
5106,Grant's Blended Scotch,1012200
34919,Three Olives Vodka,1032080
5037,Glenlivet 12 Yr Malt Scotch,1012210
31719,Phillips Gin,1041100
17090,Bulleit Bourbon 10YR,1011200
82844,Dekuyper Peachtree Schnapps,1081330
88147,Montezuma White Tequila,1022100
76488,Paramount Amaretto,1081010
43387,Castillo Silver Rum,1062200
41846,Everclear Alcohol,1101100
52806,Korbel Brandy,1051010
27408,Jim Beam Honey Mini,1011200
986938,Woodford Reserve Masters Collection Pinot Noir HA,1011200
5288,J & B Rare Scotch,1012200
49086,Remy Martin 1738 Accord Royal,1052010
17830,Early Times 36 Mo Ky Str Bourbon Pet,1011200
34467,Frozen Ghost Vodka,1031080
89198,Jose Cuervo Especial Reposado Tequila,1022100
21597,Ten High,1011200
25608,Seagrams 7 Crown Bl Whiskey,1011100
24728,"Mccormick Blend Whiskey, Pet",1011100
69940,Rumple Minze Peppermint Mini,1081390
64711,Ciroc Peach,1032200
82866,Dekuyper Watermelon Pucker,1081370
30238,Gilbey's Gin London Dry,1041100
44487,Cruzan Dark Rum,1062200
24706,Mccormick Blend Whiskey,1011100
82627,Dekuyper Cherry Pucker,1081380
81206,Paramount Peppermint Schnapps,1081300
67509,Kahlua Midnight,1081030
3657,Herradura Gold Reposado 6pak,1022200
34421,Grey Goose Vodka Mini,1032080
11588,Black Velvet Reserve,1012100
44603,Five O'clock,1062200
15246,Windsor Canadian,1012100
34457,Ketel One Imported Vodka,1032080
3888,Ketel One w/Pitcher,1701100
88294,Patron Silver Tequila,1022100
89846,Tres Generaciones Anejo,1022100
25878,Sunny Brook Blend Whiskey,1011100
88766,Tortilla White Tequila,1022100
19226,Knob Creek,1011200
64716,Ciroc Peach,1032200
40193,New Amsterdam Pineapple,1031200
65065,Goldschlager Cinnamon Schnapps,1081390
34164,Ciroc Luxury Vodka,1032080
89916,Tortilla Gold Tequila,1022100
67006,Midori Melon Liqueur,1082900
88290,Patron Silver Tequila,1022100
43024,Admiral Nelson Spiced Rum,1062310
86918,Southern Comfort 100 Prf,1081600
75898,maDIKwe,1081700
77786,Tuaca Perfect Chill,1082900
86251,Juarez Triple Sec,1081400
80576,Arrow Peppermint Schnapps,1081300
43034,Bacardi Gold Rum,1062200
24466,Kessler Blend Whiskey Traveler,1011100
29568,Burnett's Gin London Dry,1041100
17206,Cedar Ridge Bourbon,1011200
52595,E & J Vs Brandy Travelers,1051010
19063,Jim Beam,1011200
34026,Absolut Peppar,1032200
66636,Romana Sambuca Italian Liquore,1082900
64865,Fireball Cinnamon Whiskey PET,1081600
41783,Uv Blue Raspberry Vodka Mini,1031200
35946,Fleischmann's Royal Vodka,1031080
82881,Dekuyper Hot Damn! 100 Proof,1081315
34078,Absolut Vanilia,1032200
22121,Wild Turkey 81,1011200
75208,Kinky Liqueur Mini,1081900
77375,Smirnoff Sorbet Light Mango Passion Fruit,1031200
36907,Mccormick Vodka PET,1031080
55086,Paramount Blackberry Brandy,1051110
43050,Bacardi Dragon Berry,1062300
36311,Svedka Grapefruit Jalapeno,1032200
34812,Svedka Raspberry Vodka,1032200
24156,Hawkeye Blend Whiskey,1011100
12856,Rich & Rare Reserve,1012100
25604,Seagrams 7 Crown Bl Whiskey,1011100
45275,Paramount White Rum Traveler,1062200
26821,Jack Daniels Old #7 Black Lbl Mini,1011300
76040,Midnight Moon Strawberry,1081700
36307,Hawkeye Vodka,1031080
37889,Seagrams Extra Smooth,1031080
42312,Malibu Red,1062300
82612,Dekuyper Hot Damn! Traveler,1081315
28795,Plymouth Gin,1042100
42437,Shellback Silver,1062050
28236,Bombay Sapphire Gin,1042100
31656,Paramount Gin,1041100
11773,Black Velvet,1012100
54647,Arrow Blackberry Flav Brandy,1051110
77658,Smirnoff Cranberry,1031200
4025,Ole Smoky Apple Pie Moonshine w/Glass,1701100
41500,Hawkeye Blue Raspberry Vodka,1031200
17958,Evan Williams Yr Str Bourbon,1011200
41806,Smirnoff Vanilla Vodka,1031200
40625,UV Chocolate Cake,1031200
78616,Arrow Creme de Cacao White,1081230
81208,Paramount Peppermint Schnapps,1081300
15247,Windsor Canadian,1012100
57125,Chi-Chi's Gold Margarita,1071100
4866,Dewars White Label Scotch,1012200
23278,Calvert Extra Bl Whiskey,1011100
49186,Remy Martin Vsop Cognac,1052010
40956,Smirnoff Strawberry Vodka,1031200
69667,Dr. Mcgillicuddy's Vanilla,1081390
34189,Effen Black Cherry Vodka,1032200
55084,Paramount Blackberry Brandy,1051110
34004,Absolut Swedish Vodka 80 Prf,1032080
4867,Dewars White Label Scotch,1012200
63530,Salvador's Original Margarita PET,1071100
68034,Bailey's Original Irish Cream,1081200
43848,Ronrico Silver Label Rum (pr),1062200
82847,Dekuyper Peachtree,1081330
53211,Paul Masson Vs Brandy Mini,1051010
30317,Gordon's Gin London Dry,1041100
77852,Smirnoff Watermelon,1031200
15776,Bushmills Irish Whiskey,1012300
86669,Jack Daniel's Tennessee Honey,1011300
69634,Dr. Mcgillicuddy's Cherry Schnapps,1081390
63959,Uv Blue Raspberry Lemonade Pet,1071100
41692,Uv Blue (raspberry) Vodka,1031200
41715,Smirnoff Cranberry Vodka,1031200
53218,Paul Masson Grande Amber Brandy,1051010
87936,Juarez Tequila Silver,1022100
4131,Midnight Moon Apple Pie w/Pourer & 2 Shot Glasses,1701100
30056,Fleischmann's Gin,1041100
67522,Kahlua Coffee Liqueur Mini,1081030
38177,Titos Handmade Vodka,1031080
64356,Barenjager Imp Honey Liqueur,1082900
89482,El Zarco Gold,1022100
4367,Balvenie Caribbean Cask 14yr,1012210
35318,Barton Vodka,1031080
56840,Bacardi Party Drinks Hurricane,1071100
58890,Jose Cuervo Authentic Strawberry Lime Margarita 4pk Cans,1071100
15627,Jameson,1012300
37426,Popov Vodka 80 Prf Traveler,1031080
36221,Three Olives Elvis Coconut Water,1032200
17916,Elijah Craig,1011200
63755,Tgi Fridays Mudslide,1071100
86668,Jack Daniel's Tennessee Honey Mini,1011300
58860,Jose Cuervo Mango Margarita,1071100
89787,Sauza Gold,1022100
58801,Captain Morgan Long Island Iced Tea,1071100
43296,Captain Morgan Silver Spiced Rum,1062310
82780,Dekuyper Buttershots Schnapps Traveler,1081312
52591,E & J Vs Brandy Mini,1051010
22155,Wild Turkey 101 Round,1011200
47790,Courvoisier Vs Cognac,1052010
15621,Jameson Mini,1012300
37934,Skol Vodka,1031080
27453,Cinerator Mini,1081600
86881,Southern Comfort Mini,1081600
34815,Svedka Vanilla Vodka,1032200
64863,Fireball Cinnamon Whiskey,1081600
73456,Dekuyper Luscious Razzmatazz,1081335
23823,Five Star,1011100
68036,Bailey's Original Irish Cream,1081200
32232,Seagrams Extra Dry Gin,1041100
10890,Forty Creek,1012100
43226,Captain Morgan Parrot Bay Passion Fruit,1062300
28246,Boodles British Gin London Dry,1042100
54444,Paramount Apricot Flavored Brandy,1051100
37414,Popov Vodka 80 Prf,1031080
52146,Christian Bros Brandy Traveler,1051010
40297,New Amsterdam Citron,1031200
82820,Dekuyper Strawberry Pucker,1081355
33663,Svedka Strawberry Lemonade,1032200
35947,Fleischmann's Royal Vodka,1031080
80571,Arrow Peppermint Schnapps Mini,1081300
75210,Kinky Liqueur,1081900
58838,Jose Cuervo Authentic Lime Margarita,1071100
86704,Jeremiah Weed Cinnamon Whiskey,1011100
26586,Gentleman Jack,1011300
33789,Absolut Cilantro,1032200
21594,Ten High,1011200
31658,Paramount Gin,1041100
43325,Captain Morgan White Mini,1062200
13036,Canadian Reserve Whisky,1012100
34456,Ketel One Imported Vodka,1032080
21596,Ten High,1011200
33716,Paramount Sloe Gin,1041200
24458,Kessler Blend Whiskey,1011100
72950,Cedar Ridge Lemoncella,1081900
34076,Absolut Vanilia,1032200
63528,Salvador's Margarita Pet,1071100
89836,Hornitos Gold,1022100
10803,Crown Royal Regal Apple Mini,1012100
52186,Christian Bros Grand Reserve Vsop,1051010
20246,Old Crow,1011200
62420,Margaritaville Skinny Margarita,1071100
88291,Patron Tequila Silver Mini,1022100
33994,Absolut Grapevine,1032200
12476,Canadian Mist Whiskey Pet,1012100
62496,Middle Sister Margarita,1071100
24453,Kessler Blend Whiskey,1011100
18006,Buffalo Trace Bourbon,1011200
37988,Skyy Vodka,1031080
43026,Admiral Nelson Spiced Rum,1062310
67264,Yukon Jack Canadian Liqueur,1081600
43137,Bacardi Limon,1062300
46504,Kraken Black Spiced Rum,1062310
4114,Rumchata Iced Coffee Pack,1701100
26656,George Dickel #12,1011300
12407,Canadian Ltd Whisky,1012100
89386,Juarez Tequila Gold,1022100
62061,Kahlua Frozen Mudslide,1071100
46351,Hawkeye Light Rum,1062200
86885,Southern Comfort Pet,1081600
48104,Hennessy Vs Cognac,1052010
87596,El Mayor Blanco,1022100
27536,Homestead American Whiskey,1011200
36061,Pinnacle Pumpkin Pie,1701100
19068,Jim Beam,1011200
34881,Stolichnaya Vanil Vodka 75 Proof,1032200
44658,Lady Bligh Spiced Rum,1062310
37146,Opulent Vodka,1031080
34052,Absolut Raspberri,1032200
65195,Hpnotiq,1082900
34029,Absolut Citron (lemon Vodka),1032200
43418,Captain Morgan Tattoo,1062310
36591,Kinky Vodka Mini,1031080
27474,Bird Dog Blackberry Whiskey,1011100
34820,Svedka Vodka,1032080
19026,Jim Beam Black,1011200
67586,Kapali Coffee Liqueur,1081030
10836,Crown Royal Black,1012100
65200,Tequila Rose Liqueur,1081200
33700,Pinnacle Peachberry Cobbler Mini,1032200
37936,Skol Vodka,1031080
87408,Jose Cuervo Especial Silver,1022100
43388,Castillo Silver Rum,1062200
73645,Dry Dock Sorghurm,1081700
63354,Skinnygirl White Cranberry Cosmo,1071100
40965,Smirnoff Whipped Cream,1031200
36871,Ciroc Luxury Vodka,1032080
52580,E & J Vsop Superior Reserve,1051010
21595,Ten High Traveler,1011200
43095,Bacardi Mango Fusion,1062300
44410,Calico Jack Coconut,1062300
45247,Paramount Gold Rum,1062200
76036,Midnight Moon Apple Pie,1081700
43036,Bacardi Gold Rum,1062200
19474,Maker's Mark,1011200
45274,Paramount White Rum,1062200
79336,Paramount Creme De Menthe/green,1081240
13638,Lord Calvert Canadian Whisky,1012100
84486,Paramount Butterscotch Schnapps,1081312
37217,Paramount Vodka,1031080
35743,Pinnacle Chocolate Whipped,1032200
64759,Ciroc Red Berry,1032200
33256,Seagrams Lime Twisted Gin,1041150
56206,Paramount Peach Flavored Brandy,1051140
36305,Hawkeye Vodka,1031080
903275,Jefferson's Reserve St Bbn Whiskey,1011200
29996,Five O'clock Gin,1041100
67556,Kamora Coffee Liqueur,1081030
89139,Cabo Wabo Reposado,1022100
75216,Kinky Gold,1081900
37338,UV Vodka PET,1031080
66296,Remy Martin V,1052010
52599,E & J Vs Brandy Round,1051010
55088,Paramount Blackberry Brandy,1051110
67267,Yukon Jack Canadian Liqueur,1081600
51506,Presidente Grape Brandy (pedro Domecq),1052010
43038,Bacardi Gold Rum,1062200
27544,Red Stag By Jim Beam,1011200
30528,Hawkeye Gin,1041100
52597,E & J Vs Brandy Square,1051010
31666,Paramount Gin Traveler,1041100
52314,Christian Bros Brandy,1051100
13388,Northern Light,1012100
82827,Dekuyper Rootbeer,1081340
18198,Ezra Brooks Ky Sour Mash Bourbon,1011200
86888,Southern Comfort PET,1081600
88548,Hornitos Plata,1022100
28206,Bombay Dry Gin,1042100
34870,Stoli Razberi (raspberry),1032200
18120,Evan Williams Vintage,1011250
40599,New Amsterdam Red Berry,1031200
44419,Cruzan Black Cherry Rum,1062300
89646,Patron Anejo,1022100
55087,Paramount Blackberry Brandy,1051110
37935,Skol Vodka Traveler,1031080
66293,Remy Martin V,1052010
16987,Bourbon Supreme Bourbon,1011200
43025,Admiral Nelson Spiced Rum Traveler,1062310
34886,Three Olives Berry Vodka,1032200
80826,"Ice 101, Peppermint Schnapps",1081300
77472,Sweet Revenge,1081600
22151,Wild Turkey 101 Mini,1011200
65127,Grand Marnier Cordon Rouge,1082900
83907,Maui Blue Hawaiian Schnapps,1081365
22784,Beam's 8 Star Bl Whiskey,1011100
10553,Black Velvet Cinnamon Rush,1012100
10548,Black Velvet Toasted Caramel,1012100
26822,Jack Daniels Black Label,1011300
44499,Cruzan Mango Rum,1062300
43117,Bacardi O,1062300
34162,Belvedere Vodka,1032080
80574,Arrow Peppermint Schnapps,1081300
62906,Mr. Boston Egg Nog,1701100
3051,360 Double Chocolate w/Gravity Unit,1031200
88767,Tortilla White Tequila,1022100
15296,Windsor Canadian Traveler,1012100
40394,UV Candy Bar,1031200
12668,Canadian Woods Canadian Why,1012100
41943,360 Georgia Peach Vodka,1031200
42665,Malibu Black Mini,1062300
77875,Smirnoff Sours Green Apple,1031200
27454,Cinerator,1081600
80486,Tippy Cow Orange Cream,1081200
86507,Paramount Triple Sec,1081400
69631,Dr. Mcgillicuddy's Cherry Mini,1081390
28718,Pinnacle Gin,1042100
42244,Blue Chair Bay Coconut Spiced,1062050
86709,Jeremiah Weed Spiced Whiskey,1011100
24457,Kessler Blend Whiskey,1011100
5036,Glenlivet 12 Yr Malt Scotch,1012210
34197,Ciroc Luxury Vodka,1032080
87280,Casamigos Blanco,1022100
12467,Canadian Mist Whisky,1012100
34856,Tanqueray Sterling Vodka,1032080
57174,Chi-Chi's Skinny Margarita,1071100
68038,Bailey's Original Irish Cream,1081200
23827,Five Star,1011100
82187,Arrow Spearmint Schnapps,1081350
5346,Johnnie Walker Red,1012200
89199,Jose Cuervo Especial Reposado Square,1022100
43138,Bacardi Limon,1062300
5430,Lagavulin 16yr Single Malt Scotch,1012210
89786,Sauza Gold,1022100
24157,Hawkeye Blend Whiskey,1011100
34368,Fris Danish Vodka,1032080
44258,Blackheart Premium Spiced Rum,1062310
64795,Courvoisier Rose,1082900
64336,B&b D.o.m.,1082900
65199,Tequila Rose Liqueur,1081200
30057,Fleischmann's Dry Gin,1041100
27479,Cody Road Bourbon,1011200
41747,Smirnoff Citrus Vodka,1031200
40632,UV Whipped,1031200
44306,Calico Jack Spiced,1062310
27554,Seagrams Seven Crown Dark Honey,1011100
6998,Clan Macgregor Scotch,1012200
34962,Three Olives Orange Vodka,1032200
40821,Skyy Infusions Pineapple,1031200
35699,Pearl Cucumber Vodka,1032200
44456,Cruzan Raspberry Rum,1062300
33983,Absolut Berri Acai,1032200
66295,Remy Martin V,1052010
73533,Dekuyper 03,1081900
87250,Cabo Wabo Blanco,1022100
43209,Bacardi Black Razz,1062300
80456,Ryan's Cream Liqueur,1081200
22788,Beam's 8 Star Bl Whiskey,1011100
34935,Three Olives Vodka,1032080
27065,Lock Stock & Barrel,1011500
34122,Crystal Head Vodka,1032080
10807,Crown Royal Regal Apple,1012100
75209,Kinky Liqueur,1081900
43333,Captain Morgan Spiced Rum Pet,1062310
77479,Sweet Revenge,1081600
36870,Ciroc Luxury Vodka,1032080
37888,Seagrams Vodka,1031080
76032,Midnight Moon Original,1081700
77545,Tooters Apple-Tini Mini,1071100
80145,Fulton''s Harvest Pumpkin Liqueur,1081200
53368,St. Charles Brandy,1051010
20366,Old Forester Bourbon,1011200
34702,Pearl Pomegranate Vodka,1032200
35907,Pinnacle Cookie Dough,1032200
43362,Captain Morgan Cannon Blast,1062300
65251,Jagermeister Liqueur Mini,1082900
41116,Jeremiah Weed Peach Sweet Tea,1031200
37339,UV Vodka,1031080
64636,Campari Italian Aperitivo,1082900
80577,Arrow Peppermint Schnapps,1081300
34188,Effen Vodka,1032080
62097,Paramount Long Island Iced Tea,1071100
84617,Phillips Root Beer Schnapps,1081340
87619,Espolon Blanco,1022100
47785,Courvoisier Vs Coganc,1052010
43077,Admiral Nelson Coconut Rum,1062300
27562,Seagrams Seven Crown Stone Cherry,1011100
43330,Captain Morgan White,1062200
57157,Chi-Chi's Pina Colada W/rum,1071100
64712,Ciroc Peach,1032200
22783,Beam's 8 Star Bl Whiskey,1011100
82618,Dekuyper Hot Damn! Pet,1081315
69638,Dr. Mcgillicuddy's Cherry Schnapps,1081390
35964,Three Olives Loopy Flavored Vodka,1032200
89887,Torada Tequila Gold,1022100
77740,Smirnoff Raspberry,1031200
27025,Bulleit 95 Rye,1011500
32236,Seagrams Extra Dry Gin,1041100
77774,Wild Turkey American Honey,1011200
66836,St. Germain,1082900
37417,Popov Vodka 80 Prf,1031080
470,Jack Daniels w/Glass,1701100
89788,Sauza Gold,1022100
63894,Tgif On The Rocks White Russian,1071100
42444,Shellback Spiced,1062310
57120,Chi-Chi's Long Island Iced Tea,1071100
81406,Thunder 101 Peppermint Schnapps,1081300
10009,Scoresby Rare Scotch,1012200
5350,Johnnie Walker Green,1012200
43335,Captain Morgan Spiced Rum Pet,1062310
73702,Evan Williams Honey,1081700
86764,Sipp'n Sweet Corn,1081700
54447,Paramount Apricot Flavored Brandy,1051100
45245,Paramount Gold Rum Traveler,1062200
56196,Paul Masson Peach Grande Amber Brandy,1051140
42687,Malibu Black,1062300
44557,Cruzan Strawberry Rum,1062300
84456,Paramount Peach Schnapps,1081330
25966,Triple Crown Blended Whiskey,1011100
1377,Rumchata Shaker Gift Set,1701100
8824,Lauder's,1012200
86728,Ole Smoky Cherry Moonshine,1081700
76044,Midnight Moon Blueberry,1081700
88536,Sauza Blue Silver,1022100
3277,Double Cross w/2 Glasses,1701100
52593,E & J Vs Brandy,1051010
68022,Bailey's Salted Caramel,1081200
11390,Tap 357,1012100
46112,Cedar Ridge Dark Rum,1062200
43386,Castillo Silver Rum,1062200
64856,Fireball,1081600
34003,Absolut Swedish Vodka 80 Prf,1032080
36668,Korski Vodka,1031080
16850,Blanton's Bourbon,1011200
68039,Bailey's Original Irish Cream,1081200
48154,Hennessy Black,1052010
55066,Mr. Boston Blackberry Brandy,1051110
73715,Evan Williams Cherry Reserve,1011200
25877,Sunny Brook Blend Whiskey,1011100
40686,Hawkeye Cherry,1031200
18348,Four Roses Small Batch,1011200
35626,Pinnacle Whipped,1032200
45418,Phillips White Rum,1062200
36667,Korski Vodka,1031080
89178,El Mayor Anejo Tequila,1022100
82836,Dekuyper Raspberry Pucker,1081335
66050,Nuvo Sparkling Liqueur,1082900
34871,Stolichnaya Razberi Vodka 75 Proof,1032200
44476,Cruzan Coconut Rum,1062300
34972,Three Olives Cherry Vodka,1032200
46350,Hawkeye Light Rum,1062200
15656,Jameson 12YR HA,1012300
4797,Cutty Sark Scotch,1012200
58873,Jose Cuervo Authentic Watermelon Margarita,1071100
67159,Ty Ku Premium Liqueur,1082900
64996,Frangelico Liqueur,1082900
40682,Pucker Vodka Raspberry Rave,1031200
68047,Bailey's Hazelnut Irish Cream,1081200
87410,Jose Cuervo Especial Silver,1022100
16517,Ancient Age Bourbon,1011200
66936,Grangala Triple Orange Liqueur,1082900
86310,La Prima Triple Sec,1081400
59037,Desert Island Long Island Ice Tea Cocktail,1071100
34753,Reyka Vodka,1032080
86883,Southern Comfort,1081600
32235,Seagrams Extra Dry Gin Pet,1041100
28865,Tanqueray Gin,1042100
23626,Five Star Pet,1011100
41601,Uv Blue (raspberry) Vodka,1031200
41876,Uv Coconut Vodka,1031200
34117,Absolut Mandrin,1032200
74086,Godiva Liqueur,1081200
11936,Canadian Ltd Whisky Convenience Pack,1012100
52319,Christian Bros Brandy-Round,1051010
53652,Cedar Ridge Grappa,1051010
41922,Smirnoff Peach Vodka,1031200
43205,Bacardi Oakheart,1062310
25616,Seagrams 7 Crown Pet Flask,1011100
73136,Chila Coffee Liqueur,1081030
39866,Smirnoff Vodka 100 Prf,1031100
34748,Stolichnaya Russian Vodka 80 Prf,1032080
87509,1800 Silver Tequila,1022100
77363,Smirnoff Sorbet Light Lemon,1031200
5606,McClelland Islay,1012210
26906,Jack Daniels Single Barrel Why.,1011400
40997,Smirnoff Pomegranate Vodka,1031200
14199,Pendleton Canadian Whisky,1012100
65194,Hpnotiq,1082900
4084,Aberlour 12 Year Single Malt Scotch,1012210
40411,UV Salty Watermelon,1031200
64601,Caravella Limoncello,1082900
15256,Windsor Black Cherry,1012100
37413,Popov Vodka 80 Prf,1031080
41688,Uv Blue Raspberry Vodka Traveller,1031200
49084,Remy Martin 1738 Accord Royal,1052010
10846,Canadian Club Small Batch Classic,1012100
82611,Dekuyper Hot Damn!,1081315
82856,Dekuyper Island Punch Pucker,1081365
29994,Five O'clock Gin,1041100
54436,Mr. Boston Apricot Brandy,1051100
42676,Malibu Passion Fruit Rum,1062300
35628,Pinnacle Whipped,1032200
84166,99 Blackberries,1081380
12466,Canadian Mist Whisky,1012100
86916,Southern Comfort 100 Prf,1081600
64762,Ciroc Red Berry,1032200
81966,Arrow Mcdale's Butterscotch Schnapps,1081312
19061,Jim Beam Mini,1011200
15677,Powers Irish Whiskey,1012300
904548,Domaine De Canton Ginger Liqueur,1082900
89447,La Prima Tequila/gold,1022100
9428,Passport Scotch,1012200
77880,Smirnoff Sours Watermelon,1031200
34326,Finlandia Imp Vodka 80prf,1032080
37346,Phillips Vodka,1031080
28890,Tanqueray Rangpur Gin,1042100
71446,After Shock Cinnamon Liqueur,1081315
87413,"Jose Cuervo Silver ""Rolling Stones""",1022100
44266,British Navy Pusser's Rum,1062050
89099,Cazadores Anejo,1022100
57144,Chi-Chi's White Russian,1071100
34958,Three Olives Vanilla Vodka,1032200
34546,Pearl Vodka,1032080
28350,Broker's London Dry Gin,1042100
10815,Crown Royal Maple Mini,1012100
41840,Burnett's Limeade Vodka,1031200
5246,Highland Park 12yr Single Malt Scotch,1012210
80438,Ricura,1081200
43076,Admiral Nelson Coconut Rum,1062300
31472,New Amsterdam Gin,1041100
6997,Clan Macgregor Scotch,1012200
40399,UV Peach Mini,1031200
15526,Bushmills Black Bush Irish Whiskey,1012300
64017,Adult Limeade,1082900
16516,Ancient Age Bourbon,1011200
31207,McCormick Gin,1041100
40594,New Amsterdam Peach,1031200
35933,Grey Goose Cherry Noir,1032200
37986,Skyy Vodka,1031080
33825,Svedka Strawberry Colada,1032200
1500,Jameson Irish Whiskey Tin,1701100
28886,Tanqueray No. Ten,1042100
34737,Stolichnaya Ohranj Vodka,1032200
37886,Seagrams Vodka,1031080
772,Kinky Summer Pack w/2 375ml,1701100
37347,Phillips Vodka,1031080
4636,Bowmore 12 Yr Single Malt Scotch,1012210
11293,Crown Royal Canadian Whisky,1012100
84636,Phillips Hot 100 Cinnamon Schnapps,1081315
89626,Patron Reposado Tequila,1022100
89577,Montezuma Gold Tequila,1022100
980513,Crown Royal Hand Selected Barrel #2665,1012100
48103,Hennessy Vs Cognac,1052010
10880,Forty Creek Cooper Pot,1012100
952,Jack Daniel's Black w/2 Glasses,1701100
77318,Rondiaz Rum Spiced,1062310
84399,99 Whipped Cream,1081380
36968,New Amsterdam Vodka,1031080
69656,Dr. Mcgillicuddy's Mentholmint,1081390
40570,Skinnygirl Bare Naked,1031110
76526,Paramount Melon Liqueur,1081900
40572,Skinnygirl Island Coconut,1031200
6076,Singleton Single Malt Scotch,1012210
73981,Amaretto di Amore Mini,1081010
82926,Gold Rush Liqueur,1081315
64722,Ciroc Peach,1032200
80482,Tippy Cow Chocolate Mini,1081200
41299,Burnett's Cherry Vodka,1031200
73729,Evan Williams Kentucky Cider,1081600
52318,Christian Bros Brandy,1051010
69706,Dr. Mcgillicuddy's Root Beer Schnapps,1081390
65238,Hornitos Spiced Honey,1022100
72448,Tooters Blu-Dacious Kamikazi Mini,1071100
62405,Margaritaville Last Mango Margarita,1071100
11285,Crown Royal Xr Canadian Whiskey,1012100
16096,Evan Williams Bottled in Bond,1011400
6316,Tomatin Single Malt,1012210
67557,Kamora Coffee Liqueur,1081030
30527,Hawkeye Gin,1041100
35586,Clearheart Vodka,1031080
59102,Evan Williams Peppermint Chocolate Egg Nog,1701100
65258,Jagermeister Liqueur,1082900
33658,Svedka Mango Pineapple,1032200
85606,Paramount Blue Curacao,1081900
29728,Calvert Gin,1041100
42166,Myers's Rum Original Dark,1062100
34425,Grey Goose Vodka,1032080
52317,Christian Bros Brandy-Square,1051010
27629,Prairie Fire,1011100
86693,Jack Daniel's Tennessee Fire,1011300
973627,Di Amore Quattro Orange,1081700
89212,Jose Cuervo Black Medallion,1022100
571,Jack Daniels Music Carton w/2 Glasses,1701100
82636,Dekuyper Grape Pucker Schnapps,1081317
35944,Fleischmann's Royal Vodka,1031080
87632,El Zarco Silver,1022100
86692,Jack Daniel's Tennessee Fire,1011300
34155,Belvedere Vodka,1032080
5620,McClelland Speyside Scotch,1012210
27476,Cedar Ridge Single Malt Whiskey,1012300
3136,Jagermeister T-Shirt Pack,1701100
77674,Smirnoff Green Apple,1031200
41705,Uv Red (cherry) Vodka,1031200
27551,Red Stag By Jim Beam,1011200
42009,UV Cake Vodka,1031200
42240,Blue Chair Bay White,1062050
361,Bailey's Original Irish Cream w/4 Shot Glasses,1701100
40363,Burnett's Tropical Punch,1031200
64593,Canadian Club Dock 57 Blackberry,1012100
54056,Arrow Apricot Flav Brandy,1051100
59160,1800 Ultimate Blueberry RTD,1071100
77776,Wild Turkey American Honey,1011200
33773,Three Olives Tartz,1032200
14474,Revel Stoke Roasted Pecan,1012100
82857,Dekuyper Island Punch Pucker,1081365
16988,Bourbon Supreme Bourbon,1011200
76035,Midnight Moon Apple Pie,1081700
34839,Svedka Citron Vodka,1032200
53629,Cedar Ridge Apple Brandy,1051150
5345,Johnnie Walker Red,1012200
17826,Early Times 36 Mo Ky Str Bourbon,1011200
65017,Galliano Liqueur,1082900
4096,Ardbeg 10 Yr Islay Single Malt Scotch,1012210
5349,Johnnie Walker Red,1012200
56958,Bartenders Hot Sex,1071100
37742,Salute American Vodka,1031080
19019,Jesse James Bourbon,1011200
5290,J & B Rare Scotch,1012200
63357,Skinnygirl Pina Colada,1071100
65426,Licor 43,1082900
23277,Calvert Extra Bl Whiskey,1011100
18116,Evan Williams Black Label Traveler,1011200
48102,Hennessy Vs Cognac 100ml,1052010
57129,Chi-Chi's Mexican Mudslide,1071100
58824,Parrot Bay Lime Margarita,1071100
79816,Paramount Creme De Menthe/white,1081250
28087,Beefeater Gin,1042100
5696,Oban Single Malt Scotch,1012210
27417,Bird Dog Maple,1011100
81124,99 Peppermint Mini,1081380
78866,Paramount Creme De Cacao/white,1081230
35692,Pearl Caramel Vodka,1032200
42079,UV Cake Vodka,1031200
34605,Grey Goose La Poire Vodka,1032200
19096,Jim Beam Traveler,1011200
86637,Tortilla Triple Sec,1081400
89837,Hornitos Gold,1022100
760,Ole Smoky Lemon Drop Moonshine w/Mason Jar & Pour Spout,1701100
76438,Old St. Nick''s Egg Nog,1701100
89164,Don Julio 1942,1022100
59231,Ice Box Mudslide,1071100
43984,Admiral Nelson Cherry Spiced Rum,1062310
35915,Three Olives Supercola Flavored Vodka,1032200
42984,Trader Vics Private Selection Spiced Rum,1062310
43035,Bacardi Gold Rum Pet,1062200
29993,Five O'clock Gin,1041100
964820,Davinia Hazelnut Liqueur,1081900
67571,Kahlua Mocha Liqueur,1081030
58876,Jose Cuervo Golden Margarita,1071100
64453,Berentzen Bushel & Barrel,1082900
15737,2 Gingers Mini,1012300
20247,Old Crow,1011200
3310,Jagermeister w/Flask,1701100
34579,Pinnacle Vodka,1032080
42242,Blue Chair Bay Coconut,1062050
82186,Arrow Spearmint Schnapps,1081350
5318,Johnnie Walker Double Black,1012200
29287,Barton Gin,1041100
43991,Admiral Nelson Black Patch,1062310
12479,Canadian Mist,1012100
22228,Woodford Reserve Double Oaked,1011200
27776,Uncle Bob's Root Beer,1011100
34014,Absolut Apeach,1032200
27027,Cody Road Rye,1011500
5492,Macallan Fine Oak 10 Year,1012210
77683,Smirnoff Kissed Caramel,1031200
36186,Gordon's Vodka 80 Prf,1031080
2249,Amaretto Di Amore w/2 Snifters,1701100
36974,Nikolai Vodka,1031080
74090,Godiva White Chocolate Liqueur,1081200
78036,Arrow Creme de Cacao Brown,1081220
80487,Tippy Cow Vanilla Soft Serve,1081200
89448,La Prima Tequila/gold,1022100
18407,G & W Bourbon,1011200
86691,Jack Daniel's Tennessee Fire Mini,1011300
45995,Calico Jack Whipped,1062300
47776,Courvoisier Vsop Cognac,1052010
77843,Smirnoff Strawberry,1031200
77709,Smirnoff Peach,1031200
40497,Smirnoff Iced Cake,1031200
12862,Rich & Rare Caramel,1012100
33266,Seagram's Orange Twisted Gin,1041150
76227,Montezuma Blue,1081700
41413,Burnett's Pineapple,1031200
68031,Bailey's Original Irish Cream Minis,1081200
80488,Tippy Cow Shamrock Mint,1081200
5133,Glenmorangie 10 Yr Single Malt Scotch,1012210
73596,Dekuyper Michigan Cherry Liqueur,1081900
34198,Ciroc Super Premium Vodka,1032080
45950,Calico Jack Tropical Punch,1062300
77741,Smirnoff Raspberry,1031200
87150,Avion Silver,1022100
31718,Phillips Gin,1041100
42317,Malibu Sunshine,1062300
89610,Olmeca Altos Reposado,1022100
13037,Canadian Reserve Whisky,1012100
40648,360 Buttered Popcorn,1031200
10625,Canadian Club Whisky Pet,1012100
80045,E & J Chocolate Temptation,1081200
16396,Old Forester Signature 100prf Bourbon,1011200
19112,Jim Beam Devil's Cut,1011200
30316,Gordon's Gin London Dry,1041100
67866,Amarula Creme Liqueur,1081200
40574,Skinnygirl Cucumber,1031200
26585,Gentleman Jack,1011300
77573,Travis Hasse's Cow Pie,1081900
87643,Familia Camarena Silver,1022100
57090,Bacardi Classic Cocktails Pina Colada,1071100
88116,Milagro Silver Tequila,1022100
734,Absolut w/50ml Citron & Mandrin,1701100
12888,Rich & Rare Canadian Whisky,1012100
41857,Uv Cherry Red Vodka Mini,1031200
34096,Absolut Kurant,1032200
80484,Tippy Cow Orange Cream Mini,1081200
34817,Svedka,1032080
40315,New Amsterdam Red Berry,1031200
42484,Malibu Cranberry Cherry Mini,1062300
42177,Blue Chair Bay Banana Rum Mini,1062300
43986,Admiral Nelson Cherry Spiced Rum,1062310
43263,Bacardi Black Razz,1062300
36965,New Amsterdam Vodka Mini,1031080
86684,Firefly Apple Pie Moonshine,1081700
15856,Redbreast 12YR,1012300
40092,Seagram's Red Berry Flavored Vodka,1031200
76478,Pama Pomegranate Liqueur,1081900
40636,Burnett's Sugar Cookie Mini,1031200
33959,Absolut Chicago,1032200
37642,River Pilot Vodka,1031080
87997,La Prima Tequila/white,1022100
43048,Bacardi Select Rum,1062200
41326,Burnett's Citrus,1031200
35505,Pinnacle Tropical Punch,1032200
69609,Dr. McGillicuddy's Apple Pie Mini,1082900
43314,Captain Morgan Grapefruit,1062300
80396,Paramount Creme De Almond,1081210
35316,Barton Vodka,1031080
31657,Paramount Gin,1041100
40446,Pucker Vodka Watermelon Mini,1031200
76049,Midnight Moon 100prf,1081700
34786,Stolichnaya Blueberi,1032200
10006,Scoresby Rare Scotch,1012200
35770,Pinnacle Cherry Whipped,1032200
80458,Ryan's Cream Liqueur,1081200
10552,Black Velvet Cinnamon Rush Mini,1012100
41320,Burnett's Watermelon,1031200
67186,Tuaca Liqueur,1082900
80686,Dekuyper Blustery Peppermint Burst Schnapps,1081300
15777,Bushmills Irish Whiskey,1012300
34959,Three Olives Raspberry Vodka,1032200
41719,Smirnoff Green Apple Vodka,1031200
43409,Captain Morgan Parrot Bay Coconut,1062300
66052,Nuvo,1082900
31474,New Amsterdam Gin,1041100
36447,Ingenioz,1031080
55504,Paramount Cherry Brandy,1051120
80457,Ryan's Cream Liqueur,1081200
38180,Titos Handmade Mini,1031080
4139,Pearl Mini Party Pack,1032200
82605,Dekuyper Sour Apple Pucker Traveler,1081305
35313,Barton Vodka,1031080
35315,Barton Vodka Pet,1031080
42723,Malibu Island Melon,1062300
80058,Chi-Chi's Orange Cream,1071100
44664,Lady Bligh Mango Rum,1062300
52835,Korbel Brandy Pet,1051010
35109,Russian Standard Original Vodka,1032080
40592,New Amsterdam Peach,1031200
42214,Malibu Swirl,1062300
4356,Balvenie 12yr Doublewood Single Malt Scotch,1012210
40930,Smirnoff Grape Vodka,1031200
30247,Gilbey's Gin London Dry,1041100
77847,Smirnoff Vanilla,1031200
647,Kahlua w/Absolut 50ml & White Russian Glass,1701100
15660,Jameson Gold,1012300
64870,Fireball Cinnamon Whisky,1081600
5596,Mcclelland Highland,1012210
903348,Hiram Walker Orange Curacao 30prf,1081900
43198,Bacardi Torched Cherry,1062300
40637,Burnett's Sugar Cookie,1031200
56006,Christian Bros Peach,1051140
5635,Monkey Shoulder,1012200
40118,Dueces Wild Vodka,1031100
63352,Smirnoff Tuscan Lemonade,1071100
4718,Chivas Regal 12 Yr,1012200
5040,Glenlivet 18yr,1012210
75087,Juarez Gold Dss,1081700
43416,Captain Morgan Lime Bite,1062300
40926,Smirnoff Silver Vodka 90 Prf,1031090
64446,Berentzen Apple Liqueur,1082900
34690,Sobieski Vodka,1032080
87938,Juarez Tequila Silver,1022100
77886,Smirnoff Ruby Red Grapefruit Mini,1031200
43426,Don Q Cristal Rum,1062200
43232,Captain Morgan Parrot Bay Key Lime,1062300
18350,Four Roses Single Barrel,1011250
43306,Captain Morgan Signature Series Limited Edition,1701100
36971,New Amsterdam Vodka,1031080
89242,Corralejo Reposado Tequila,1022100
55246,Arrow Wild Cherry Flav Brandy,1051120
65124,Grand Marnier Cordon Rouge,1082900
64820,Davinia Hazelnut Liqueur,1081900
46939,Steel Drum,1062050
4717,Chivas Regal 12 Yr,1012200
41653,Uv Citruv (citrus) Vodka,1031200
35435,Svedka Traveler,1032080
34968,Three Olives Chocolate Vodka,1032200
89274,El Jimador Anejo Tequila,1022100
33672,Grey Goose Le Melon,1032200
67536,Kahlua Especial,1081030
43322,Captain Morgan 1671,1062310
77714,Smirnoff Pineapple,1031200
40475,Smirnoff Root Beer Float,1031200
35354,Absolut Mango Vodka,1032200
87485,Don Julio Blanco Tequila,1022100
27632,Cedar Ridge Short's Whiskey,1011100
28368,Bulldog Gin Mini,1042100
43066,Bacardi Peach Red,1062300
79026,Arrow Creme De Menthe Green,1081240
85796,Mr. Boston Rock & Rye,1081500
27751,Seagrams Seven Crown Orchard Apple,1011100
40203,Skyy Infusions Vanilla Bean,1031200
43282,Captain Morgan Parrot Bay Pineapple,1062300
77353,Smirnoff Sorbet Light Pineapple Coconut,1031200
15814,Paddy Devil's Apple,1012300
42440,Shellback Spiced Mini,1062310
35453,Svedka Cherry Vodka,1032200
34395,Effen Cucumber,1032200
64724,Ciroc Amaretto,1032200
86644,Bonnie Rose Orange Peel Mini,1011300
42151,UV Ruby Red Grapefruit Mini,1031200
22175,Russell's Reserve 10YR,1011200
76038,Midnight Moon Cherry,1081700
76676,Pearl Pumpkin Spice,1032200
41787,Smirnoff Orange Vodka,1031200
77487,Tortilla Gold Dss,1081700
859,Jack Daniel's SB Ducks Unlimited w/Btl Stopper,1701100
5061,Glenlivet 15 Year French Oak,1012210
3309,Jagermeister Cocktail Glass Set,1701100
43120,Bacardi Superior PET,1062200
15646,Jameson 18YR HA,1012300
80296,Kringle Cream,1081200
42714,Malibu Coconut Rum,1062300
56366,Dekuyper Coffee Brandy,1051150
77395,Skinnygirl White Cranberry Cosmo,1071100
35953,Pinnacle Pineapple,1032200
48116,Hennessy Vsop Privilege Cognac,1052010
902207,Old Rip Van Winkle 10yr(pappy) HA,1011200
16416,Old Grand-Dad 100 Prf Bond Bourbon 4 Yr,1011400
34032,Absolut Citron (lemon Vodka),1032200
34041,Absolut Vodka 100 Premium,1032080
64857,Fireball Cinnamon Whiskey,1081600
40244,Prairie Organic Cucumber,1031200
43145,Bacardi Pineapple Fusion,1062300
904328,Rock Hill Farms Bourbon HA,1011200
43073,Admiral Nelson Spiced 101,1062310
83348,Ice Hole Cherry Schnapps,1081380
34051,Absolut Raspberri,1032200
82604,Dekuyper Sour Apple Pucker,1081305
13928,Mcmaster's Canadian,1012100
88540,Hornitos Lime Shot,1022100
64742,Ciroc Coconut Vodka,1032200
3135,Jagermeister w/2 Shot Glasses,1701100
64645,Domaine de Canton,1082900
68049,Bailey's Vanilla Cinnamon,1081200
89489,Kah Reposado Mini,1022100
77348,Smirnoff Sorbet Light Summer Strawberry,1031200
40986,Smirnoff Blueberry Vodka,1031200
27048,Knob Creek Rye,1011500
14208,Pendleton 1910,1012100
82956,Firewater Cinnamon Schnapps,1081315
89155,Don Julio Reposado,1022100
69610,Dr. McGillicuddy's Apple Pie Mini,1081390
54057,Arrow Apricot Flav Brandy,1051100
40917,Smirnoff Pineapple Vodka,1031200
73140,Chila Orchata,1081200
48101,Hennessy Vs Cognac Minis,1052010
942777,Ron Zacapa 23yr,1062200
40569,Pride of the Wapsi,1031200
5012,Glenfiddich 18 Yr Ancient Reserve,1012210
9078,Mc Gregor's Scotch,1012200
832,Jack Daniel's Master Distiller,1011300
74782,Jack Daniels Winter Jack,1701100
34679,Stolichnaya Salted Karamel,1032200
36002,Pinnacle Blackberry,1032200
82849,Dekuyper Peachtree Schnapps Pet,1081330
43210,Bacardi Wolf Berry,1062300
69654,Dr. Mcgillicuddy's Mint Schnapps,1081390
32237,Seagrams Extra Dry Gin,1041100
902313,McCormick Egg Nog w/2 Glasses HA,1701100
42063,Burnett's Hot Cinnamon,1031200
86724,Ole Smoky Apple Pie Moonshine,1081700
44516,Cruzan Light Rum,1062200
4376,Balvenie 15yr Single Barrel Scotch,1012210
19235,Knob Creek Single Barrel Reserve,1011250
28627,Hendrick's Gin,1042100
22158,Wild Turkey 101,1011200
4846,Dalwhinnie 15 Yr Single Malt Scotch,1012210
27021,Bulleit Rye,1011500
38088,Platinum 7x Vodka,1031080
69646,Dr. Mcgillicuddy's Lemon Drop,1081390
46113,Clearheart Rum,1062200
27680,Jim Beam Kentucky Fire Mini,1011200
10834,Crown Royal Black,1012100
43086,Bacardi Coco,1062300
41797,Smirnoff Raspberry Vodka,1031200
15617,Irishman Founders Reserve,1012300
40152,Deep Eddy Cranberry,1031200
86390,Montezuma Triple Sec,1081400
85526,Dekuyper Signature Blue Curacao,1081900
66199,Piehole Apple Pie Mini,1081600
63362,Skinnygirl Sweet Rita,1071100
41807,Smirnoff Vanilla Vodka,1031200
77570,Travis Hasse Apple Pie Liqueur,1081900
82840,Dekuyper Peachtree Schnapps Traveler,1081330
76767,Phillips Long Island Iced Tea,1071100
67528,Kahlua Coffee Liqueur,1081030
2918,"Tooters 50ml Ala, Tini, Kazi",1081900
34747,Stolichnaya Premium Vodka 80 Proof (lv),1032080
40849,Pucker Vodka Grape Gone Wild,1031200
41316,Burnetts Raspberry Vodka,1031200
77637,Smirnoff Cherry,1031200
66213,Piehole Pecan Pie,1081600
43219,Captain Morgan Parrot Bay Orange,1062300
40107,Menage a Trois Citrus,1031200
902243,Benedictine Liqueur Dom,1082900
36970,New Amsterdam Vodka,1031080
40260,Smirnoff Wild Honey,1031200
56195,Paul Masson Peach Grande Amber Brandy,1051140
41077,Jeremiah Weed Sweet Tea,1031200
34449,Ketel One Citroen,1032200
27512,Griff's Cowboy Whiskey,1011100
43360,Captain Morgan Cannon Blast Mini,1062300
33802,Kuhl Hippie Hooch Love Punch,1032200
65144,Il Tramonto Limoncello,1082900
28868,Tanqueray Gin,1042100
30526,Hawkeye Gin,1041100
904802,Lunazul Tequila Reposado,1022100
3655,Herradura Silver,1022100
41078,Jeremiah Weed Sweet Tea Vodka,1031200
73452,Dekuyper Luscious Pomegranate Pleasure Liq,1081900
73577,Crave Chocolate Mint,1081900
40390,UV Candy Bar Mini,1031200
4864,Dewars White Label Scotch,1012200
3346,Frangelico w/Candle,1701100
27037,George Dickel Rye,1011300
64933,1800 Coconut,1022100
85987,Bols Triple Sec,1081400
64876,Drambuie Liqueur,1082900
50686,St. Remy Vsop Napoleon Brandy,1052010
88768,Tortilla White Tequila,1022100
89207,1800 Reposado,1022100
989644,Patron Anejo,1022100
64764,Ciroc Red Berry Vodka,1032200
46432,Holstein Coconut Rum,1062300
2870,Bailey's Original Irish Cream w/2 Glasses,1701100
68842,St. Brendan's Superior Irish Cream Liqueur,1081200
68846,St. Brendan's Superior Irish Cream Liqueur,1081200
35147,Three Olives Mango Flavored Vodka,1032200
901462,Fettercairn,1012200
36034,Pearl Peach,1032200
5034,Glenlivet 12YR,1012210
929120,Aviation American Gin,1041100
40229,UV Sriracha,1031200
5086,Glenlivet 16yr Nadurra,1012210
27323,Two Jay's Country Style Blended Why.,1011100
40603,Smirnoff Kissed Caramel Mini,1031200
73743,Ezra Brooks Cinnamon,1011200
57176,Chi-Chi's Skinny Long Island Iced Tea,1071100
40060,Skyy Infusions Texas Grapefruit,1031200
58888,Jose Cuervo Authentic Lime Margarita 4pk Cans,1071100
42149,Dehner Distillery 151,1101100
89286,Espolon Reposado,1022100
67192,X Rated Fusion Liqueur,1082900
62400,Margaritaville Classic Lime Margarita,1071100
43368,Castillo Spiced Rum,1062310
27310,Prichard's Lincoln County Lightning,1101100
27478,Cedar Ridge Unaged Whiskey,1011100
40691,Little Black Dress Black Cherry Vanilla,1031200
88036,Margaritaville Silver Tequila,1022100
68028,Bailey's Mint Chocolate Irish Cream,1081200
43197,Bacardi Torched Cherry,1062300
36302,Hawkeye Vodka,1031080
42485,Malibu Cranberry Cherry,1062300
43046,Bacardi Select Rum,1062200
902912,Bushmills 16yr Malt Irish,1012300
77100,Skyy Barcraft Watermelon Fresca,1031200
84172,99 Bananas Mini,1081380
77568,Travis Hasse's Cherry Pie Liqueur,1081900
86746,Prichard's Sweet Lucy,1081600
11216,Pike Creek,1012100
903269,Bartender's Bananas Over You,1071100
87586,El Jimador Silver Tequila,1022100
27464,Cedar Ridge Wheat Whiskey,1011100
352,Blackheart Playboy Edition,1701100
65125,Grand Marnier Cordon Rouge,1082900
5327,Johnnie Walker Black,1012200
86681,Firefly Peach Moonshine,1081700
40939,Smirnoff Passion Fruit Vodka,1031200
40614,Rumchata w/Thermal Cup,1701100
40313,New Amsterdam Peach,1031200
40157,Seagram's Peach Flavored Vodka,1031200
1224,Sheep Dip,1012200
31471,New Amsterdam Gin Mini,1041100
40835,Skyy Infusions Dragon Fruit,1031200
33656,Svedka Mango Pineapple Mini,1032200
86712,Ole Smoky Harley Davidson Road House Charred Moonshine,1081700
65248,Jagermeister Spice,1082900
73574,Crave Chocolate Chili,1081900
56865,Baileys Mudslide,1071100
88841,Hornitos Black Barrel,1022100
28223,Bombay Sapphire Gin,1042100
42218,Malibu Orange Float,1062300
89388,Juarez Tequila Gold,1022100
78010,Adult Chocolate Milk,1081200
32650,Uncle Val's,1041150
49156,Remy Martin Xo Excellence,1052010
901177,Armagnac XO 25yr,1052010
6206,Talisker 10YR,1012210
74752,Hook's Spiced Rum,1062310
86626,Cold Spell Mint Whiskey,1081600
40331,Deep Eddy Sweet Tea,1031200
54646,Arrow Blackberry Flav Brandy,1051110
88298,Patron Tequila Silver,1022100
41966,UV Espresso Vodka,1031200
84159,99 Apples,1081305
57161,Chi-Chi's Churro,1071100
86805,Southern Comfort Bold Black Cherry Mini,1081600
82147,Arrow Raspberry Schnapps,1081335
27799,Uncle Bob's Root Beer Mini,1011100
10809,Crown Royal Regal Apple,1012100
64816,Romana Black Sambuca,1082900
818,Red Stag w/3-50mls,1701100
34190,Absolut Cherrykran,1032200
904984,Wolfschmidt,1031080
27782,Jim Beam Apple,1011200
86666,Jeremiah Weed 100prf Bourbon Liqueur,1081600
46506,Kraken Black Spiced Rum,1062310
27404,Red Stag Hardcore Cider Mini,1011200
44662,Lady Bligh Cherry Rum,1062300
40351,Burnett's Blackberry,1031200
10278,Usher's Green Stripe,1012200
89889,Tres Agaves Reposado,1022100
40192,New Amsterdam Pineapple,1031200
72452,Bird Dog Peppermint Moonshine Mini,1081700
62422,Margaritaville Skinny Island Punch,1071100
902501,Trader Vic's Macadamia Nut Liqueur,1081900
2935,Merrys White Chocolate Liqueur w/2 Glasses,1701100
821,Triple Crown Blended Whiskey Pouch Mini,1011100
86806,Southern Comfort Bold Black Cherry,1081600
29288,Barton Gin,1041100
43510,Malibu Island Spiced,1062310
80136,E & J Cask & Cream,1081200
77848,Smirnoff Vanilla,1031200
41940,360 Madagascar Vanilla Vodka,1031200
67274,Yukon Jack Wicked Hot Mini,1011100
67599,XO Cafe Dark Cocoa,1081030
43352,Captain Morgan Pineapple,1062300
33704,Pinnacle Pecan Pie,1032200
77734,Viniq,1081900
35213,Sobieski Vodka,1032080
15686,Kilbeggan,1012300
72722,Christian Bros Honey,1081900
36821,Little Black Dress Vodka,1031080
1931,Hennessy Black Gift Box,1701100
977790,Tuaca Cinnister,1081900
33554,Absolut Warhol,1701100
89154,Don Julio Reposado,1022100
31208,McCormick Gin Pet,1041100
35179,Pearl Blueberry Vodka,1032200
5516,Macallan 18yr Single Malt Scotch,1012210
37526,Prairie Organic Vodka,1031080
902951,Passoa Liqueur,1082900
77719,Smirnoff Pomegranate,1031200
35776,Barton Vodka Mini,1031080
5103,Glenmorangie Lasanta,1012210
40845,Pucker Vodka Citrus Squeeze,1031200
42142,UV Sugar Crush,1031200
33518,Pinnacle Cucumber,1032200
4876,Dewars 12yr,1012200
28238,Bombay Sapphire Gin,1042100
901917,Roger Clynes Mexican Moonshine Anejo,1022100
27289,Iowish Whiskey,1011100
74089,Godiva Dark Chocolate,1081200
10804,Crown Royal Regal Apple,1012100
902247,Leroux Jeznowka Polish Blackberry Brandy,1051110
11371,Serpent's Bite Apple Cider Flavored Whisky,1081600
935702,Pearl Orange Vodka,1032080
629,Absolut w/Powell & Mahoney Bloody Mary Mix,1701100
57158,Chi-Chi's Strawberry Margarita W/tequila,1071100
63541,Sauza Sparkling Wild Berry Margarita,1071100
64581,Bushmills Irish Honey,1012300
41927,Burnett's Fruit Punch,1031200
27535,Queen Bee Honey Whiskey,1011100
36309,Svedka Grapefruit Jalapeno Mini,1032200
35881,Pinnacle Marshmallow,1032200
41146,Sweet Carolina Sweet Tea Flavored Vodka,1031200
904903,Midleton Rare HA,1012300
40202,Skyy Infusions Vanilla Bean Mini,1031200
87946,Kah Blanco Tequila,1022100
40064,Skyy Infusions Pacific Blueberry,1031200
23276,Calvert Extra Bl Whiskey,1011100
4725,Chivas Regal 12yr,1012200
27582,Red Stag Spiced,1011200
40071,New Amsterdam Mango,1031200
63825,Tgif On The Rocks Mudslide,1071100
33945,Absolut Hibiskus,1032200
40804,Skyy Infusions Citrus,1031200
77842,Smirnoff Strawberry,1031200
31167,McCormick Gin,1041100
67426,Copa De Oro Mexican Coffee,1081030
40647,360 Buttered Popcorn Mini,1031200
17085,Bulleit Bourbon,1011200
89030,Avion Reposado,1022100
86698,Jack Daniel's Tennessee Fire,1011300
58821,Parrot Bay Orange Pineapple Dream,1071100
28625,Hendrick's Gin,1042100
902143,Agua Luca Cachaca Rum,1062200
34015,Absolut Apeach,1032200
28210,Bombay Sapphire East,1042100
30557,Tippy Cow 50ml Sampler Pack,1081200
18048,Evan Williams Green Label,1011200
58826,Parrot Bay Strawberry Margarita,1071100
41670,Burnett's Blue Raspberry Vodka,1031200
11299,Crown Royal,1012100
77648,Smirnoff Citrus,1031200
79986,Arrow Creme De Cassis,1081200
77632,Smirnoff Blueberry,1031200
40489,Skinnygirl White Cherry,1031200
40000,Shady Fruit Real Valencia Orange Mini,1031200
15572,Concannon,1012300
40023,Shady Fruit Real Ruby Red Grapefruit Mini,1031200
8208,House Of Stuart,1012200
828,Cinerator Mini,1081600
4796,Cutty Sark Scotch,1012200
33788,Absolut Cilantro Mini,1032200
67540,Kahlua French Vanilla Liqueur,1081030
89568,Monte Alban Reposado,1022100
15667,Jameson Black Barrel,1012300
35469,Three Olives Bubble Vodka,1032200
34678,Quadro Russian Vodka,1032080
901902,Sour Cherry,1082900
40598,New Amsterdam Red Berry,1031200
64985,French Kiss Tropical Liqueur Mini,1081900
34158,Belvedere Vodka,1032080
48164,Hennessy VSOP Privilege,1052010
10828,Crown Royal Northern Harvest Rye,1012100
10838,Crown Royal Black,1012100
48095,Hennessy VS Artistry by KAWS,1052010
66231,The Anejo by Porfidio,1081700
44428,Cruzan Blueberry Lemonade,1062300
4111,Ardbeg Uigeadail,1012210
3656,Herradura Anejo,1022100
84143,99 Cinnamon Mini,1081380
43280,Caliche,1062200
1400,Crown Royal w/2 Glasses,1701100
43163,Bacardi Arctic Grape Liqueur,1062300
46503,Kraken Black Spiced Rum,1062310
9278,Old Smuggler Scotch Pet,1012200
43371,Appleton Signature Blend,1062100
35039,Three Olives Pomegranate Vodka,1032200
904652,Aperol,1082900
40327,Deep Eddy Ruby Red,1031200
33786,Pinnacle Strawberry Shortcake,1032200
935501,Stolichnaya Gala Applik DNO,1032080
74772,Howdys Apple Pie,1081900
27126,Russell's Reserve Rye 6YR,1011500
34642,Pinnacle Cherry,1032200
87398,Cruz Del Sol Silver,1022100
837,"The Glenlivet Tasting Kit w/12YR 200ml, 15YR 200ml & 18YR 200ml",1701100
35538,Pinnacle County Fair Cotton,1032200
901326,Yahara Bay Orangecello,1081900
42507,Mt. Gay Black Barrel,1062050
85550,Hiram Walker Orange Curacao,1081900
22219,Woodford Reserve Kentucky Derby 2015,1701100
82600,Dekuyper Sour Apple Pucker Pet,1081305
35887,Pinnacle Red Berry,1032200
77900,Smirnoff Sours Berry Lemon,1031200
66107,OR-G,1082900
808,2 Gingers w/2 Glasses,1701100
35766,"Three Olives ""dude"" Vodka",1032200
87403,Jose Cuervo Especial Silver,1022100
89230,1800 Anejo Tequila,1022100
900312,Glen Ord,1012200
962809,Old Forester Mint Julep HA,1011200
64572,Ciroc Pineapple,1032200
901290,Irish Single Malt 14yr-Brother in Arms,1012210
27585,Hot Stuff,1081600
67272,Yukon Jack Jacapple Mini,1011100
62837,Purple Passion 4 Pack,1071100
43096,Bacardi Razz,1062300
77760,Viniq Ruby,1081900
59153,1800 Ultimate Pomegranate Margarita,1071100
64761,Ciroc Red Berry Mini,1032200
77577,Twenty Grand,1081700
40621,UV Chocolate Cake Mini,1031200
33918,Pearl Apple Pie Mini,1032200
46430,Holstein,1062300
34876,Stoli Strasberri Vodka,1032200
4119,Pinnacle w/3-50mls,1701100
4616,Buchanan Special Reserve 18YR,1012200
59161,1800 Peach,1071100
21220,Red State Bourbon,1011200
35969,Stolichnaya Hot,1032200
86812,Southern Comfort Fiery Pepper,1081600
46685,Paradise Caribbean Mist Rum,1062310
69713,Dr. McGillicuddy's Peach Mini,1081390
74740,Slow and Low,1081500
86663,Bella Orangecello,1081900
43428,Don Q Cristal Rum,1062200
2849,Crystal Head Vodka w/2 Shot Glasses,1701100
43201,Bacardi Oakheart Mini,1062310
77759,Viniq Ruby,1081900
903639,Old Rip Van Winkle 20yr(pappy) HA,1011200
19475,Maker's Mark Replica,1011200
40909,Hawkeye Bacon Vodka,1031200
43299,Captain Morgan Coconut,1062300
903659,Chapin & Gore Str Bourbon(DNO),1011200
87152,Avion Silver,1022100
18408,G & W Bourbon,1011200
59164,1800 Ultimate Skinny Margarita,1701100
42370,Bacardi 8 Rum,1062200
87448,DeLeon Platinum,1022100
77256,Revel Stoke Spiced Whiskey,1011100
40359,Burnett's Strawberry Banana,1031200
5104,Glenmorangie Nectar D'or,1012210
36214,Pinnacle Cinnabon Mini,1032200
903293,Soho Lychee,1082900
63798,Tgi Fridays Pina Colada,1071100
48146,Hennessy Black,1052010
3396,Tequila Rose w/2 Shot Glasses,1701100
66226,Pimm's Cup No. 1,1082900
44486,Cruzan Dark Rum,1062200
27740,Soldier Valley Bourbon,1011200
36020,Sobieski Black Cherry,1032200
27100,Sazerac Rye,1011500
73721,Evan Williams Fire,1081700
65579,Luxardo Limoncello Frosted,1082900
40949,Smirnoff Fluffed Marshmallow,1031200
16906,Booker's 6YR,1011200
904579,Forty Creek Barrel Select,1012100
63550,Tgif On The Rocks Long Island Ice Tea,1071100
89016,Casa Noble Anejo,1022100
66789,Sinfire Mini,1012100
35920,Pearl Wedding Cake Vodka Mini,1032200
901179,Armagnac XO 25yr,1052010
31990,River Rose Gin,1041100
56805,Paul Masson Red Berry Grande Amber Brandy,1051100
56193,Paul Masson Peach Grande Amber Brandy,1051140
4723,Chivas Regal 18 Year,1012200
928406,Citadelle Gin,1042100
74476,Hiram Walker Pumpkin Spice,1701100
3036,Malibu Counter Unit Beach Party Pack,1062300
79966,Arrow Creme de Almond,1081210
11940,Canadian Hunter Rye,1012100
27697,Bird Dog Apple Flavored Whiskey,1011100
902144,Gosling's Black Seal Rum,1062050
44697,Lady Bligh Butter Rum,1062300
42146,UV Salty Caramel Apple,1701100
5014,Glenfiddich 15 Yr Solera Reserva,1012210
27392,Jim Beam Maple,1011200
27433,Bird Dog Peach Flavored Whiskey,1011100
17766,Eagle Rare,1011250
905058,Yahara Bay Aged Rum,1062310
18046,Evan Williams Green Label,1011200
15266,Windsor Spiced,1012100
40496,Smirnoff Iced Cake Mini,1031200
41935,360 Concord Grape Vodka Mini,1031200
43174,Bacardi Gran Reserva Maestro,1062200
69639,Dr. McGillicuddy's Cherry Dispenser,1081390
80489,Tippy Cow Vanilla Soft Serve Mini,1081200
27577,Red Stag Honey Tea,1011200
19480,Maker's Mark Cask Strength,1011200
34561,Pearl Coconut Vodka,1032200
40326,Deep Eddy Ruby Red Mini,1031200
66211,Piehole Pecan Pie Mini,1081600
40658,360 Red Raspberry,1031200
77410,Smirnoff Sorbet Light Raspberry Pomegranate Mini,1031200
77497,Tortilla Silver Dss,1081700
40271,Smirnoff Amaretto,1031200
57051,Barton Long Island Iced Tea,1071100
57168,Chi-Chi's Chocolate Malt,1071100
13636,Lord Calvert Canadian Whisky,1012100
2878,Absolut Zing Zang Bloody Mary Mix,1701100
43183,Bacardi Rock Coconut,1062300
42153,UV Ruby Red Grapefruit,1031200
43343,Bacardi Tangerine,1062300
64615,Jose Cuervo Cinge,1022100
14481,Revel Stoke Pumpkin,1701100
40474,Smirnoff Root Beer Float Mini,1031200
56838,Bacardi Cocktails Mojito Light,1071100
76661,Pearl Lime Basil,1032200
15951,Bastille Hand Crafted Whisky,1011100
71529,Tooters Ala Bama Slama,1071100
18788,I.W. Harper,1011200
86685,Firefly Blackberry Moonshine,1081700
40403,UV Peach,1031200
71441,After Shock Cinnamon Liqueur Mini,1081315
89566,Monte Alban Mezcal,1022100
901112,Latte Machiatto,1082900
66203,Piehole Apple Pie,1081600
62208,Lulu B Chocolate Martini,1071100
64746,Ciroc Coconut,1032200
903202,Georgia Moon Corn Wsky Fruit Jar 80prf,1011200
11452,Wiser's Rye,1012100
35695,Pearl Citrus,1032200
62920,Mr. Boston Holiday Nog,1701100
40052,Deep Eddy Lemon Mini,1031200
77688,Smirnoff Lime,1031200
89946,Two Fingers Gold Tequila,1022100
11416,Wiser's Deluxe,1012100
77858,Smirnoff Whipped Cream,1031200
40228,UV Sriracha Mini,1031200
34267,Grey Goose Le Citron,1032200
37880,Seagrams Extra Smooth,1031080
42204,Blue Chair Bay Banana,1062050
58866,Jose Cuervo Authentic Strawberry Margarita,1071100
4067,Stolichnaya Premium Vodka w/Lemon Juicer/Shaker,1701100
903211,Herradura Blanco Silver 80 Prf Tequila,1022100
904803,Veev Acai,1081900
34398,Fris Citrus,1032200
796,Cedar Ridge Whiskey 3 Btl Gift Pack,1011100
699,Woodford Reserve w/Glass,1701100
42217,Malibu Orange Float Mini,1062300
36015,Pinnacle Peach,1032200
27682,Jim Beam Kentucky Fire,1011200
88186,Olmeca Altos Plata,1022100
27292,Iowa Shine,1011100
63694,Smirnoff Savannah Tea,1071100
48172,Hennessy VS Shepard Fairey,1701100
64590,Canadian Club Dock 57 Mini,1012100
40184,New Amsterdam Orange,1031200
34199,Ciroc Super Premium Vodka,1032080
965144,Il Tramonto Limoncello,1082900
36896,Menage a Trois,1031080
68048,Bailey's Vanilla Cinnamon Mini,1081200
80498,Whisper Creek Tennessee Sipping Cream,1081200
71424,Adult S'Mores,1081200
62384,Malibu Tropical Mojito Cocktail In A Bag,1071100
40465,Skyy Infusions Wild Strawberry,1031200
88037,Margaritaville Silver Tequila,1022100
40841,Pucker Vodka Wild Cherry Tease,1031200
15658,Jameson Caskmates,1012300
67194,X Rated Fusion Liqueur,1082900
73571,Crave Chocolate Cherry,1081900
77698,Smirnoff Orange,1031200
58816,Parrot Bay Pina Colada Pouch,1071100
28883,Tanqueray Old Tom,1701100
33987,Absolut Wild Tea,1032200
902574,Weller Special Reserve Bourbon 7yr HA,1011200
84616,Phillips Root Beer Schnapps,1081340
992945,McCormick Irish Cream w/2 Glasses HA,1701100
901142,Nut Chocolate,1082900
43109,Bacardi Black,1062200
89200,Don Julio 70th Anniversary,1022100
3872,Crystal Head Rolling Stones Gift Set,1701100
89079,Azul Reposado,1022100
86673,Jack Daniel's Tennessee Honey,1011300
27063,Michter's US 1 Single Barrel Rye,1011500
901315,Glenrothes 1998,1012200
34436,Grey Goose Vodka L'orange,1032200
