Store Number,Store Name,County Number
3628,Wal-Mart 1528 / Cedar Rapids,57
2514,Hy-Vee Drugstore / Marion,57
4628,Oelwein Bottle and Can Inc.,33
3869,Bootleggin' Barzini's Fin,52
3576,Liquor Store / Hartley,71
2603,Hy-Vee Wine and Spirits / Bettendorf,82
2507,Hy-Vee Food Store #1 / Burlington,29
2661,Hy-Vee Food Store / Sheldon,71
4379,Kum & Go #2091 / Ashworth / WDM,77
4295,Nat Food Mart #1 / Hubbell,77
4312,I-80 Liquor / Council Bluffs,78
2629,Hy-Vee Food Store #2 / Council Bluff,78
2604,Hy-Vee Wine and Spirits / Lemars,75
2587,Hy-Vee Food Store / Johnston,77
2621,Hy-Vee Food Store #3 / Sioux City,97
2633,Hy-Vee #3 / BDI / Des Moines,77
4614,Urban Liquor,77
2508,Hy-Vee Food Store #1 / Cedar Rapids,57
2510,Hy-Vee Drugstore #3 / Cedar Rapids,57
2594,Hy-Vee Food Store / Sioux City,97
3881,7 Rayos Liquor Store,64
4616,C's Spencer Liquor,21
4599,Quik Trip #500 / Hubbell DM,77
2635,Hy-Vee #4 / Davenport,82
2190,"Central City Liquor, Inc.",77
4638,GD Xpress / Davenport,82
2205,Ding's Honk And Holler,73
4132,Camanche Food Pride,23
2590,Hy-Vee Food Store #5 / Cedar Rapids,57
3529,A To Z Liquor and Smoke Shop,18
3728,Brewski's Beverage,78
3838,Schnucks / Bettendorf,48
2560,Hy-Vee Food Store / Marion,57
2614,Hy-Vee #3 Food and Drugstore,82
2605,Hy-Vee Drugstore #5 / Cedar Rapids,57
3723,J D Spirits Liquor,67
5105,Johncy's Liquor Store,52
3054,Mcnally's Super Valu,79
4617,Lickety Liquor,77
2643,Hy-Vee Wine and Spirits / Waterloo,7
2532,Hy-Vee Food Store #2 / Des Moines,77
2963,Dahl's / Clive,77
2501,Hy-vee  #2 / Ames,85
2662,Hy-Vee Wine & Spirits / Muscatine,70
2465,Sid's Beverage Shop,31
4167,"Iowa Street Market, Inc.",31
4193,Hartley Wine And Spirits,71
3762,Wine and Spirits Gallery,77
4619,Smokin' Joe's #3 Tobacco and Liquor,56
4604,Pit Stop Liquors / Newton,50
3562,Wal-Mart 0797 / W Burlington,29
2650,Hy-Vee Wine and Spirits / Harlan,83
2637,Hy-Vee #5 / Davenport,82
4874,Z's Quickbreak,44
4348,Jeff's Market / Wilton,70
2613,Hy-Vee Food Store #1 / Council Bluff,78
3842,Bancroft Liquor Store,55
4571,Casey's General Store #2357 / Alliso,12
5070,Jeff's Market / Wilton,70
4935,Ali's Liquor,7
3563,Wal-Mart 0559 / Muscatine,70
2505,Hy-Vee Wine and Spirits / Boone,8
2512,Hy-Vee Wine and Spirits / Iowa City,52
3964,Sioux Food Center of Sioux Rapids,11
4988,Happy's Wine & Spirits,7
4129,Cyclone Liquors,85
4818,Decorah Mart,96
4011,Jim and Charlies Affiliated,68
5180,Oelwein Mart,33
4877,World Liquor & Tobacco,77
2651,Hy-Vee / Waverly,9
3065,Montezuma Super Valu,79
3663,Wal-Mart 1496 / Waterloo,7
2840,CVS Pharmacy #8633 / Bettendorf,82
2521,Hy-Vee Food and Drug / Grand / WDM,77
3354,Sam's Club 8238 / Davenport,82
4932,B and B West,7
3952,Lot-A-Spirits,82
2572,Hy-Vee Food Store / Cedar Falls,7
2648,Hy-Vee #4 / WDM,77
2513,Hy-Vee Food Store #2 / Iowa City,52
4301,Sahota Food Mart,77
2576,Hy-Vee Wine and Spirits / Storm Lake,11
4108,Oasis Grocery and Liquor /,77
3779,"Station Wine and Spirits, T",94
3876,Affiliated Foods Of Manson,13
3644,Wal-Mart 2764 / Altoona,77
4285,Fareway Stores #922 / New Hampton,19
4027,Wal-Mart 1621 / Centerville,4
3818,Round Window Liquor,63
4867,Speedy Gas N Shop,78
3696,Wal-Mart 1723 / Des Moines,77
3611,Logan Super Foods,43
3806,Target Store T-1901 / WDM,77
3915,Sac City Food Pride,81
2538,Hy-Vee Food Store #3 / Waterloo,7
4418,KUM & GO #46 / WALNUT,78
3986,Siouxland Beverage,97
2601,Hy-Vee Food Store / Fairfield,51
2200,Sac Liquor Store,81
3963,Tobacco Hut #14 / Council Bluffs,78
2597,Hy-Vee Food Store / Cherokee,18
2509,Hy-Vee / Drugtown #1 / Cedar Rapids,57
4873,Casey's General Store #2559 / Grange,25
2582,Hy-Vee #2 Food Store / Mason City,17
3440,Hawkeye Pantry,77
2524,Hy-Vee Food Store / Dubuque,31
2591,Hy-Vee Wine and Spirits / Atlantic,15
4163,Fareway Stores #461 / Storm Lake,11
3666,Target Store T-1771 / Cedar Rapids,57
2500,Hy-Vee Food Store #1 / Ames,85
4451,Kum & Go #96 / WEBSTER CITY,40
4251,Aj's Liquor / Ames,85
2593,Hy-Vee Food Store / Carroll,14
4073,"Uptown Liquor, Llc",95
2956,Dahl's / Fleur Dr,77
3717,The Liquor Stop / Sumner,9
2638,Hy-Vee Wine and Spirits / Cedar Fall,7
3926,Liquor Downtown / Iowa City,52
3626,Wal-Mart 2714 / Spencer,21
4806,Giri's Liquor Store / West Liberty,70
4844,Iowa City Fast Break,52
4612,ATC Liquor,82
3705,Liquor Locker,60
3679,FRANKLIN STREET FLORAL & GIFT,22
3447,Sam's Club 6432 / Sioux City,97
2962,Dahl's / Johnston,77
4720,Chariton BP,59
4565,KUM & GO #228 / Sioux city,97
2567,Hy-Vee Drugstore / Davenport,82
4597,Quik Trip #523 / Army Post DM,77
2285,John's Grocery,52
3993,New Star Liquor / W 4th S / Waterloo,7
2624,Hy-Vee #2 / Dubuque,31
4344,Spirits / Grimes,77
2539,Hy-Vee Food Store / iowa Falls,42
2517,Hy-Vee Food Store #1 / Newton,50
4445,Kum & Go #196 / WEBSTER CITY,40
2964,Dahl's / Ankeny,77
2575,Hy-Vee Food Store #1 / Waterloo,7
3735,C B Liquor,10
4666,Super Stop II / Altoona,77
3805,Washington Street Mini Mart,82
2954,Dahl's / Ingersoll,77
2670,Hy-Vee Food Store / Coralville,52
4883,K & L Foods,54
2653,Hy-Vee Wine and Spirits / Washington,92
3461,Hometown Foods / Stuart,1
3719,Wal-Mart 0581 / Marshalltown,64
4594,Quik Trip #554 / SW 63rd DM,77
4046,J and K Market,4
4665,Casey's General Store #2896 / Ankeny,77
2573,Hy-Vee Food Store / Muscatine,70
3740,Hometown Foods / Waterloo,7
3041,Shugar's Super Valu / Colfax,50
3645,Wal-Mart 1764 / Windsor Heights,77
3715,Kimberly Mart / Davenport,82
2233,Forbes Liquor Locker / remi,30
4837,Kum & Go #51 / Iowa City,52
5042,Super Stop III / Dubuque,31
2657,Hy-Vee Food Store / Bedford,87
3738,Hartig Drug Company #4 / Dubuque,31
3916,Smokin' Joe's #5 Tobacco and Liquor,90
4336,Last Call 2,60
5129,Cash Saver  /  Fleur,77
3618,Wal-Mart 2716 / Cedar Rapids,57
4633,Kwik Shop #520 / Carter Lake,78
4618,Hawkeye Convenience Stores East,57
3622,Wal-Mart 1415 / Spirit Lake,30
2191,Keokuk Spirits,56
3976,North English Family Food,48
4357,Kum & Go #125 / Story City,85
2665,Hy-Vee / Waukee,25
2636,Hy-Vee Wine and Spirits / Hubbell,77
4964,Jeff's Market / Wilton,70
2625,Hy-Vee Wine and Spirits #2,82
4402,KUM & GO #80 / RIVERSIDE,92
2579,Hy-Vee Food Store / Grinnell,79
3525,Wines and Spirits,92
3528,Super Target T-0804 Mason City,17
4829,Central City 2,77
2543,Hy-Vee Food Store #1 / Ottumwa,90
4318,Fareway Stores #841 / Red Oak,69
3420,Sam's Club 6344 / Windsor Heights,77
2569,Hy-Vee Food Store #2 / Cedar Rapids,57
2565,Hy-Vee Food Store / Spencer,21
4291,Fareway Stores #597 / Creston,88
4156,Fareway Stores #412 / Oelwein,33
5104,Rustic Lure Wine and Spirits,30
3868,Wal-Mart 3630 / Marion,57
3494,Sam's Club 6514 / Waterloo,7
5021,Kum & Go #608 / Okoboji,30
2561,Hy-Vee Food Store / Fleur / DSM,77
3912,Smokin' Joe's #14 Tobacco and Liquor,57
2667,Hy-Vee Mainstreet,97
2448,Bottle Boutique,91
4355,Kum & Go #124 / Story City,85
2566,Hy-Vee Food Store / Knoxville,63
4494,SELECT MART / SIOUX CITY,97
4345,Lucky Mart,79
3732,North Scott Foods,82
2627,Hy-Vee Wine and Spirits #1,77
4435,Kum & Go #220  Council Bluffs,78
3695,Mrs. B's Liquor,75
2649,Hy-Vee #3 / Dubuque,31
2616,Hy-Vee Food and Drug / Clinton,23
3932,Main Street Spirits / Mapleton,67
3773,Benz Distributing,57
3782,Bender Foods / Guttenburg,22
3849,Hartig Drug Co #6 / Dyersville,31
2607,Hy-Vee Wine and Spirits / Shenandoah,73
4019,Wal-Mart 1506 / Manchester,28
5037,Uncorked Wine & Spirits,37
3784,Hartig Drug #14 / Independence,10
4972,Quillins Quality Foods Monona,22
2487,Anamosa Family Foods,53
3870,Target Store T-1939 / Altoona,77
4995,Durant Street C-Store,83
3726,Wal-Mart 1285 / Ottumwa,90
3909,D And S Grocery,63
4884,Tobacco Hut #11 / Sioux City,97
4072,Famous Liquors,82
2602,Hy-Vee Food Store / Webster City,40
3612,B and C Liquor / Maquoketa,49
4490,Casey's General Store #2766 / Cedar,57
4750,Walgreens #04041 / Davenport,82
2290,Al's Liquors Unlimited,11
3917,Smokin' Joe's #2 Tobacco and Liquor,82
3390,Okoboji Avenue Liquor,30
4147,Fareway Stores #974 / Cedar Falls,7
4644,Kwik Shop #588 / Davenport,82
4197,Fareway Stores #014 / Sergeant Bluff,97
4411,KUM & GO #95 / DE SOTO,25
3651,Wal-Mart 1491 / Indianola,91
4869,Lindsanator's,22
2460,"Liquor Barn, Inc.",35
2475,"Private Cellar, Inc.",55
4986,218 Fuel Express & Chubby's Liquor,34
2353,Cresco Liquor Store,45
4767,Casey's General Store #3075 / Ankeny,77
3899,Wal-Mart 3762 / WDM,77
4495,Casey's General Store #3055 / Grundy,38
5142,Smokin' Joe's #13 Tobacco & Liquor O,57
4623,Casey's General Store #1493 / Van Me,25
3987,Wine and Spirits Shoppe Of,55
2535,Hy-Vee Food Store #1 / WDM,77
4171,"Brothers Market, Inc. / Cascade",31
4112,Corridor Ventures,52
2606,Hy-Vee Wine and Spirits / Humboldt,46
3162,Nash Finch / Wholesale Food,70
4190,Fareway Stores #888 / Jefferson,37
3591,Ackley Super Foods,94
4650,Loofts on 9 Liquor Here or Liquor Th,55
4615,North Side Liquor & Grocery,17
2663,Hy-Vee / Urbandale,77
4686,Sunny's Mart / Clinton,23
3972,Hometown Foods / Hubbard,42
2544,Hy-Vee Food Store / Marshalltown,64
4214,New Star Liquor / Lafayet / Waterloo,7
2835,CVS Pharmacy #8538 / Cedar Falls,7
3816,Swils,69
2620,Hy-Vee / Windsor Heights,77
2599,Hy-Vee Wine and Spirits / Coralville,52
4223,STATION MART LIQUOR AND TOBACCO,7
3778,Family Pantry,77
2592,Hy-Vee Drugstore / Marshalltown,64
4176,Todds On The Go,57
3928,Smokin' Joe's #12 Tobacco and Liquor,52
2655,Hy-Vee Food Store / Clarinda,73
4070,Grieder Beverage Depot,6
5045,Central Mart / Hamilton Blvd,97
4152,Food Land Super Markets / Missouri V,43
3789,Wal-Mart 1393 / Oskaloosa,62
4030,Buy Rite Foods,30
4332,Fast Mart / University Ave,77
2132,Spirits and Such,33
3443,Super Saver Iv,78
5102,Wilkie Liquors,57
4752,Gasland / Burlington,29
3885,Buchanan County Liquor Store,10
3968,Monroe Liquor,50
2571,Hy-Vee Food Store #2 / Waterloo,7
3514,Karen's Spirits and Wine,94
3808,Thriftway,7
2554,Hy-Vee Food Store / Davenport,82
3947,Seaton's Flag Foods,79
2641,Hy-Vee Drugstore / Council Bluffs,78
4971,Fareway Stores #138 / Pleasant Hill,77
4545,FILL R UP,78
5131,Oasis,77
4927,Kum & Go #576 / West Des Moines,77
4071,Kellogg Country Store,50
2248,Ingersoll Liquor and Beverage,77
4443,Palo Mini Mart,57
4405,KUM & GO #92 / ANKENY,77
4192,Fareway Stores #044 / Bettendorf,82
3896,Smokin' Joe's #18 Tobacco and Liquor,52
2528,Hy-Vee Food Store #3 / Des Moines,77
2534,Hy-Vee Drugtown / Urbandale,77
2552,Hy-Vee Food Store #3 / Cedar Rapids,57
2529,Hy-Vee Drugstore #4 / Cedar Rapids,57
4629,Kwik Shop #541 / Glenwood,65
4273,Smokin' Joe's #4 Tobacco and Liquor,77
3879,Target Store T-1800 / Sioux City,97
4969,Lake Liquors Wine and Spirits,17
3573,Quik Shop Foods / Four M In,90
3700,Avoca Liquor,78
4601,Kum & Go #4110 / Guthrie DM,77
4078,Prime Mart 4,7
4164,Expo Mart / Bettendorf,82
4346,Roy's Foodland,6
2478,Prairie Meadows,77
4675,Kum & Go #113 / Ames,85
3918,Smokin' Joe's #1 Tobacco and Liquor,82
2515,Hy-Vee Food Store #1 / Mason City,17
3678,"Smoke Shop, The",77
4939,Urban Liquor,77
2595,Hy-Vee Wine and Spirits / Denison,24
3650,"Spirits, Stogies and Stuff",47
4180,Smokin' Joe's #10 Tobacco and Liquor,57
4434,Todd's,60
3942,Twin Town Liquor,86
4093,Hiway 20 Liquors / Fort Dodge,94
2837,CVS Pharmacy #8544 / Waterloo,7
2959,Dahl's / Merle Hay,77
4304,Downtown Pantry / Des Moines,77
3654,The Beverage Shop / Belmond,99
3925,Johncy's Liquor Store Inc,48
4481,THE LIQUOR HOUSE,52
4007,Brockmans,96
3820,"Charlie's Wine and Spirits,",97
3456,Quick Shop / Clear Lake,17
4057,Tequila's Liquor Store,77
2502,Hy-Vee Wine and Spirits / Ankeny,77
4277,Cork It!,75
4826,Casey's General Store #3226 / Albia,68
3814,Costco Wholesale #788,25
2568,Hy-Vee Food Store #4 / Cedar Rapids,57
2522,Hy-Vee Wine and Spirits / Spirit Lak,30
4801,Walgreens #05852 / Des Moines,77
4253,Fareway Stores #683 / Winterset,61
4228,Fareway Stores #462 / Vinton,6
2506,Hy-Vee #1044 / Burlington,29
2130,Sycamore Convenience,7
4970,Jeff's Market / West Liberty,70
2549,Hy-Vee Food Store / Indianola,91
4555,Casey's General Store #2614 / Donnel,56
3682,Jumbo's,55
5187,Kwik Stop Liquor & Groceries Ames,85
3742,Wal-Mart 1625 / Lemars,75
2564,Hy-Vee Food Store #4 / Waterloo,7
4205,Fareway Stores #467 / Marshalltown,64
4645,Kwik Shop #589 / Eldridge,82
4444,Kum & Go #4127 / SLOAN,97
2647,Hy-Vee #7 / Cedar Rapids,57
3664,Shade Tree Liquors,98
2113,Jamboree Foods,94
3625,Wal-Mart 0892 / Ankeny,77
4006,Larchwood Offsale,60
4478,U S Gas,77
2558,Hy-Vee Food Store / Mount Pleasant,44
2536,HY-VEE / PLEASANT HILL,77
3400,Last Stop Beverage Shop,77
2413,Beecher Beverage,31
3655,M and M Liquor Store,97
2626,Hy-Vee Drugstore / University / DSM,77
4154,Fareway Stores #055 / Hiawatha,57
4658,Casey's General Store #3027 / Iowa F,42
4209,Wal-Mart 5748 / Grimes,77
3769,Wal-Mart 0753 / Cedar Fall,7
4566,Kum & Go #508 / Cedar Rapids,57
3677,Barb's Service,21
4315,Fareway Stores #554 / Washington,92
3477,Sam's Club 6472 / Council Bluffs,78
4851,Southside Liquor & Tobacco Outlet /,57
2445,Ruback's Food Center,78
4328,Jr's On The Rocks,96
3437,Scott's Foods,91
4102,Fareway Stores #386 / Ames,85
4945,Osage Liquors,66
4794,Smokin' Joe's #17 Tobacco and Liquor,29
5017,Lansing IGA,3
3744,Payless Foods / Dyersville,31
4677,Costco Wholesale #1111 / Coralville,52
4598,Quik Trip #501 / E Euclid DM,77
4668,Clear Lake Payless Foods,17
4757,EZ Mart / Bondurant,77
4770,Casey's General Store #3080 / Hudson,7
9002,Mississippi River Distillery,82
3980,Wal-Mart 1721 / Iowa City,52
4062,H and A Mini Mart Corp,77
4973,Quillins Quality Foods West Union,33
4347,Jeff's Market / Blue Grass,82
2836,CVS Pharmacy #8546 / Waterloo,7
4081,Harlan's Food Mart,85
4160,Fareway Stores #034 / Iowa City,52
4667,Kum & Go #56 / Bevington,61
4146,Fareway Stores #561 / Waverly,9
4144,"Liquor, Beer and Tobacco Outlet",34
4272,Fareway Stores #407 / Esterville,32
4743,No Frills Supermarkets #791 / Counci,78
4377,Quik Trip #562 / NE 14th / DSM,77
3713,Wal-Mart 0810 / Mason City,17
3688,Fredericksburg Food Center,19
3385,Sam's Club 8162 / Cedar Rapids,57
3830,Wal-Mart 1435 / Creston,88
2611,Hy-Vee Drugstore / Ottumwa,90
4769,Elma Locker and Grocery,45
4564,JEFF'S MARKET / DURANT,16
4392,KUM & GO #156 / CLIVE,77
2612,Hy-Vee Store / Perry,25
3731,Wal-Mart 1241 / Davenport,82
3785,Southside Tobacco and Liquor,77
4267,Main Street Market Of Anita,15
4931,Hudson Gas Mart,7
4426,LIQUOR AND GROCERY DEPOT,64
4713,Walgreens #10985 / Coralville,52
5054,Cork 'N Bottle / Manchester,28
3465,Hometown Foods / Panora,39
4230,Fareway Stores #106 / Clive,77
4252,Fareway Stores #840 / Monticello,53
3482,Kick The Can,14
4284,Fareway Stores #559 / Iowa Falls,42
2523,Hy-Vee Food Store / Centerville,4
4083,Fareway Stores #909 / Ankeny,77
4947,The Music Station,7
3811,Wal-Mart 1431 / Keokuk,56
3907,Smokin' Joe's #16 Tobacco and Liquor,70
4334,Fareway Stores #114 / Dubuque,31
4075,Ali's West Side Liquor,7
3488,Bender's Foods,49
4802,Walgreens #07452 / Des Moines,77
2585,Hy-Vee Wine and Spirits / Algona,55
4307,Crossroads Wine and Liquor,43
4442,A-TOWN LIQUOR STORE,84
4374,Kum & Go #141 / Grimes,77
4608,Casey's General Store #3050 / Counci,78
2588,Hy-Vee Food and Drug #6 / Cedar Rapi,57
5022,Kum & Go #97 / West Des Moines,77
3776,Wal-Mart 5115 / Davenport,82
3920,Smokin' Joe's #11 Tobacco and Liquor,23
4296,Circle B Market,89
4984,Fast Ave One Stop,70
4866,Tobacco Hut #18 / Council Bluffs,78
4630,EZ Stop / Davenport,82
4920,Kum & Go #129 / Johnston,77
5137,Shop N Save  /  NW 2nd  DSM,77
3495,Great Pastimes,53
4219,Lake Liquors Wine and Spirits,17
3691,Target Store T-1791 / Urbandale,77
4637,Kwik Shop #560 / Cedar Rapids,57
4652,Brady Mart Food & Liquor,82
4999,Casey's General Store #2680 / Clarks,12
2548,Hy-Vee Food Store / Altoona,77
4642,Liquor and Tobacco Outlet / Univ Ave,7
4186,H and A Mini Mart / Phillips 66,77
2527,Hy-Vee Food Store #5 / Des Moines,77
4631,Thunder Ridge Ampride,7
4997,Downtown Pantry,77
3797,The Liquor Store / Davenport,82
4311,Fareway Stores #508 / Fort Dodge,94
5108,Tobacco 4 Less / State St,82
4231,Fareway Stores #719 / Le Mars,75
4728,Walgreens #05077 / Iowa City,52
4397,Quik Trip #514 / Ankeny,77
4586,Kum & Go #545 / Rockwell City,13
2659,Hy-Vee Food Store / Corydon,93
4854,Casey's General Store #3029 / Armstr,32
2666,Hy-Vee #2 / Ankeny,77
4177,"Good Luck, Inc.",64
4897,Gasland #102 / Burlington,29
3943,Good and Quick Co,85
5132,Phillips 66,77
4463,Casey's General Store #3031 / Garner,41
4979,Sam Liquor,57
3565,Hartig Drug Store #10,52
3704,Celtics Beverage Company,74
2619,Hy-Vee Wine and Spirits / WDM,77
4831,L & M Gas & Grocery / Boone,8
3766,Kolby's Liquor Store,19
3697,Oky Doky #2 / Dubuque,31
2545,Hy-Vee Drugstore / Iowa City,52
2327,West Side Spirits,2
3970,"The Liquor Cabinet, Inc.",85
4930,Casey's General Store #3251 / Boone,8
2584,Hy-Vee Food Store / Fort Madison,56
2503,Hy-Vee Drugstore / Ankeny,77
2550,Hy-Vee Food Store / Osceola,20
2556,Hy-Vee Wine and Spirits / Esthervill,32
4914,Prime Mart / Center St,7
4698,Quality Quick Stop,51
2555,Hy-Vee Food Store / Keokuk,56
2844,CVS Pharmacy #8547 / Iowa City,52
4256,Fareway Stores #912 / Sioux Center,84
4185,Fareway Stores #737 / Grinnell,79
2652,Hy-Vee DrugStore / Mason City,17
4496,B P ON 1ST,57
4306,Northside One Stop / Hampton,35
4085,Save More Foods / Waterloo,7
4229,Fareway Stores #790 / Harlan,83
4413,KUM & GO #439 / WAPELLO,58
4648,Prime Mart / Broadway Waterloo,7
2562,Hy-Vee Food Store / Fort Dodge,94
2955,Dahl's / Beaver,77
3629,Wal-Mart 1965 / Council Bluffs,78
2106,Hillstreet News and Tobacco,7
4887,Kum & Go #66 / West Des Moines,77
4370,Kum & Go #240 / North Ave Norwalk,91
4004,Wal-Mart 4256 / Ames,85
3872,Target Store T-0086 / Dubuque,31
3707,Target Store T-1768 / Cedar Rapids,57
4697,Southside Liquor & Tobacco / Iowa Ci,52
4366,Kum & Go #137 / Tiffin,52
3825,Shop N Save #2 / E 14th,77
2622,Hy-Vee Food Store / Iowa City,52
4001,Wal-Mart 1787 / Carroll,14
4098,Wal-Mart 1475 / Washington,92
2806,Osco #881 / Clinton,23
4862,Pronto Market / Kingsley,75
2849,CVS Pharmacy #10162 / Des Moines,77
4246,Fareway Stores #938 / Shenandoah,73
4881,Sperry One Stop Shop LLC,14
3841,Hartig Drug Company #2 / Locust,31
4260,Fareway Stores #699 / Osceola,20
2644,Hy-Vee Fort Dodge Wine and Spirits,94
4860,Jims Foods,57
4236,Fareway Stores #551 / Eagle Grove,99
3670,Wal-Mart 2827 / Coralville,52
4239,Fareway Stores #850 / Spirit Lake,30
5007,Brother's Market / Denver,9
4559,Osage Payless Foods,66
4775,Casey's General Store #37 / Dakota C,46
4105,Fareway Stores #426 / Nevada,85
4170,Dewey's Jack and Jill,16
4201,Fareway Stores #022 / Sioux City,97
3934,Wal-Mart 1509 / Maquoketa,49
4382,Kum & Go #8 / 8th St / WDM,77
5023,Hawkeye Convenience Stores / 16th Av,57
4804,Walgreens #07833 / Des Moines,77
2178,"Double ""D"" Liquor Store",3
3959,Hartig Drug Company #8 / University,31
4340,Dahl's Foods / Ames,85
3791,Pit Stop Liquor and Tobacco,37
4892,Sara Mini Mart,82
3997,Wal-Mart 4606 / Osceola,20
3756,Main Street Liquors / Manning,14
4182,Fareway Stores #008 / Dyersville,31
4485,DYNO'S 51 / SANBORN,71
2228,Rodgers Spirits and More,61
3451,Barnes Foodland,23
2578,Hy-Vee / Charles City,34
3013,Keith's Foods,26
4991,Fasttrak,22
4456,Kum & Go #53 / Iowa City,52
4585,Casey's General Store #2561 / Farley,31
2630,Hy-Vee Drugstore #2 / WDM,77
3660,Wal-Mart 2935 / Knoxville,63
2623,Hy-Vee Food Store #4 / Sioux City,97
3540,Super Target T-0533 / Davenport,82
3592,Wal-Mart 0886 / Fort Dodge,42
3549,Quicker Liquor Store,56
5147,Victor's Market,79
4433,Kum & Go #24  Pleasant Hill,77
4343,Best Food Mart / Des Moines,77
4165,I-35 Spirits / Ankeny,77
4155,Fareway Stores #949 / Marion,57
3831,The Market Of Madrid,8
2664,Hy-Vee C-Store / Charles City,34
4014,Wal-Mart 1732 / Denison,24
4622,Quik Trip #544 / SE 14th DM,77
4672,The Pit Stop / River City Liquor,22
3990,Cork and Bottle / Oskaloosa,62
4213,Sunny's Mart,23
4222,Station Mart Liquor and Tobbacco,7
3056,Clarion Super Valu Ii,99
4651,Casey's General Store #2300 / Jewell,40
3950,Hometown Foods / State Center,48
4439,CENTER POINT FOODS,57
4659,Casey's General Store #2802 / Conrad,38
3584,L and M Beverage,33
4764,New Star / Fort Dodge,94
4432,Kum & Go #201 Coralville,52
4962,Hilltop Grocery,82
4848,Kum & Go #246 / Winterset,61
4107,Fareway Stores #384 / Boone,8
3524,Sam's Club 6568 / Ames,85
2843,CVS Pharmacy #8526 / Cedar Rapids,57
2518,Hy-Vee Wine and Spirits / Red Oak,69
2511,Hy-Vee / Drugtown #2 / Cedar Rapids,57
4412,Kum & Go #267 / Tipton,16
3582,Korthouse Liquor,27
4729,No Frills Supermarkets #790 / Deniso,24
4562,Casey's General Store #2989 / Mechan,16
4762,Huber's Store Inc.,96
4106,Hartig Drug Co. / JFK Rd / Dubuque,31
3855,Dyno's Wine and Spirits / Storm Lake,11
5006,Kwik Stop 16th Street #325,31
3989,Liquor On The Corner / Cherokee,18
4303,Mepo Foods,29
3822,The Secret Cellar,52
3692,Wilkie Liquors,57
4294,Lena's Liquors,40
4861,The Station / Cedar Rapids,57
4153,Fareway Stores #067 / Evansdale,7
3722,Wal-Mart 1361 / Sioux City,97
4351,Kum & Go #301 / Clear Lake,17
2642,Hy-Vee Wine and Spirits / Pella,63
4331,Moore's Foods,33
4576,THE BOONEDOCKS,30
3866,Target Store T-1170 / Ames,85
4557,Hometown Foods / Traer,86
4262,Cork and Bottle / Carroll,14
4839,DS Services LLC,98
4429,Kum & Go #32 / Colfax,50
4024,Wal-Mart 1546 / Iowa Falls,42
2600,Hy-Vee Food Store / Oskaloosa,62
4681,Spirits & Such,33
4289,Fareway Stores #062 / Waukon,3
4889,Fast Trip / Des Moines,77
4200,Fareway Stores #019 / Sioux City,97
4378,Kum & Go #202 / 4th St Waukee,25
3829,Gary's Foods / Mt Vernon,57
3894,Smokin' Joe's #6 Tobacco and Liquor,57
4183,Fareway Stores #589 / Decorah,96
3647,Wal-Mart 2889 / Clinton,23
2596,Hy-Vee / Regal Liquors and Video,90
4204,Fareway Stores #025 / Clinton,23
4487,Casey's General Store #2787 / Cedar,57
4879,Sam's Mini Mart / Morningside Ave Si,97
4320,Fareway Stores #470 / Perry,8
3981,Wal-Mart 1152 / Sioux Center,84
4139,University Groceries,77
2645,Hy-Vee Drugstore / Muscatine,70
4580,Smokin' Joe's #9 Tobacco and Liquor,92
4905,South Side Grocery,13
4184,Fareway Stores #998 / Muscatine,70
4524,Casey's General Store #1139 / Nora S,34
4783,Casey's General Store #1684 / Emmets,74
4509,A J'S LIQUOR II,85
4410,Kum & Go #203 / Perry,8
4279,Keota Eagle Foods,54
3857,Quillins Food Ranch / Waukon,3
4600,Kum & Go #207 / Hubbell DM,77
4025,Karam Kaur Khasriya Llc,6
3995,Barmuda Distribution,7
4091,Fareway Stores #705 / Clear Lake,17
4431,Kum & Go #89 / Fort Dodge,94
4067,Freeman Foods,90
2851,CVS / Pharmacy #10282 / Fort Dodge,94
4841,Cozy Mart,82
4235,Fareway Stores #395 / Webster City,40
3521,Ameristar Casino / Council Bluffs,78
4696,Quik Trip #517 / West Des Moines,77
4709,Walgreens #12108 / Ames,85
4364,Kum & Go #22 / Grinnell,79
4257,Broadway Liquor,7
4484,JEFF'S MARKET / WEST LIBERTY,70
5038,Jim's Food,7
5012,Bluejay Market,8
4856,Brothers Market / Lisbon,57
4840,Independence Ave Liquor & Food / Wat,7
4678,Fareway Stores #124 / Adel,25
2618,Hy-Vee Drugstore #6 / Cedar Rapids,57
4471,Kum & Go #212 / WATERLOO,7
4317,Fareway Stores #941 / Greenfield,1
4588,Sam's Mini Mart / Sioux City,97
4076,Sakar Liquor Store,82
2845,CVS Pharmacy #4816 / Council Bluffs,78
4441,SPEEDE SHOP,22
3621,"Jensen Liquors, Ltd.",71
2628,Hy-Vee Food Store / Eldora,42
3587,Save A Lot  #482,56
3536,Geno's Liquor,99
3833,Wal-Mart 3394 / Atlantic,15
5028,Midtown Liquor,11
4420,KUM & GO #38 / OTTUMWA,90
3417,Big G Food Store,48
4482,Indy 66 West #929 / Indianola,91
3886,Wal-Mart 0646 / Anamosa,53
3734,"Shortee's Pit Stop, Inc.",71
4136,Fareway Stores #983 / Grimes,77
4191,Fareway Stores #995 / Pella,63
4901,Fareway Stores #137 / Polk City,77
4265,Kwik Stop 3 / Waterloo,7
5073,"Williams Boulevard Service, Inc.",57
4021,Wal-Mart 0985 / Fairfield,51
4271,Fareway Stores #827 / Centerville,4
4575,Casey's General Store #2304 / Slater,85
4447,QUIK TRIP #567 / URBANDALE,77
3721,Wal-Mart 0913 / Decorah,96
2846,CVS Pharmacy #8443 / Cedar Rapids,57
4462,SHELTON'S,95
4577,Casey's General Store #2551 / Woodwa,25
4602,Cheap Smokes / Beer City,65
4005,Lansing Liquor and More,3
5018,Super Saver Liquor LLC,82
4321,Fareway Stores #501 / Charles City,34
5057,Kum & Go #535 / Des Moines,77
3852,Clark Of Cedar Rapids,57
4800,Walgreens #07968 / Des Moines,77
4010,Newman's Thriftway,65
2553,Hy-Vee Food Store / Creston,88
5008,Emmetsburg Food Pride,74
4824,Casey's General Store #3224 / Cresto,88
4029,The Store,28
4819,Super Stop 2 / Altoona,77
4398,KUM & GO #4786 / BELMOND,99
4425,Quik Trip #575 / Council Bluffs,78
3772,Shop N Save #1 / Mlk Pkwy,77
4133,Mccoy's 1447,40
4150,Fareway Stores #951 / Waterloo,7
2537,Hy-Vee Drugstore / Fort Dodge,94
3763,Main Street Liquors / Hawarden,84
3888,Wal-Mart 0647 / Grinnell,79
4158,Fareway Stores #409 / Carroll,14
3606,Scotty's Liquor Store,38
3819,Quillins Decorah,96
4036,Five Star Snacks and More,7
4327,Quick Mart / Hiawatha,57
4504,JIFFY EXPRESS #921 / INDIANOLA,91
3878,Liquor and Tobacco Outlet /,7
3676,T and M Foods,12
4395,KUM & GO #133 / ELLSWORTH,40
3813,CGI Foods,80
4960,AJ's Liquor III,85
4453,SID'S GAS and GROCERIES,95
4308,Keystone Liquor and Wine / Coralvill,52
4104,Fareway Stores #491 / Mason City,17
4807,Williamsburg Foods,48
5098,Best Food Mart 3  LLC,77
4517,Casey's General Store #2767 / Cedar,57
3690,Target Store T-1792 / Waterloo,7
3656,Target Store T-1767 / Ankeny,77
2656,Hy-Vee Food Store / Corning,22
4742,No Frills Supermarkets #786 / Counci,78
4350,Kum & Go #703 / Marshalltown,64
4299,Hometown Market / Central City,57
4974,Super Stop  SE 14th,77
4474,Bucky's Express #34 / Council Bluffs,78
2367,Spencer's Grocery,73
5144,Sam's Club 6979 / Ankeny,77
4458,QUIK TRIP #568 / JOHNSTON,77
4349,Southside Food Mart,77
4437,Kum & Go #215  Ames,85
2668,Hy-Vee Food Store / Leon,27
4358,Kum & Go #553 / Clarion,99
2960,Dahl's / Wdm,77
3531,Osage Liquors,66
4268,Fareway Stores #531 / Algona,55
4099,Chubbys Liquor,34
3648,Fairbank Food Center,10
3403,Econ-o-mart / Columbus Junction,58
4635,Kwik Shop #563 / Cedar Rapids,57
4522,Casey's General Store #2523 / Monroe,50
4016,Hometown Foods / Conrad,38
4157,Fareway Stores #993 / North Liberty,52
4044,Kum & Go #713 / Burlington,29
4414,KUM & GO #23 / NEOLA,78
4708,No Frills Supermarkets #803 / Glenwo,65
4473,Casey's General Store #92 / Panora,39
2958,Dahl's / E 33rd,77
4015,Wal-Mart 0749 / Ames,85
4891,Schottsy's Liquor,72
3957,Karl's Grocery Store,22
3749,Wal-Mart 1526 / Storm Lake,11
2634,Hy-Vee Wine and Spirits / Ames,85
2498,Charley's Quik Shop,33
2551,Hy-Vee Food Store / Chariton,59
4817,Casey's General Store #3217 / Knoxvi,63
3710,New York Dollar Store,58
3632,Wal-Mart 2004 / Dubuque,31
4276,Wj's Liquor,95
4711,Walgreens #06154 / Dubuque,31
2839,CVS Pharmacy #8659 / Davenport,82
4609,Kum & Go #579 / Ankeny,77
4558,Kum & Go #226 / Sioux City,97
5155,New Star  /  Ansborough Ave,7
3858,Harolds Jack N Jill / Davenport,82
4008,Sioux Valley Spirits,97
4483,Sauce,52
4368,Kum & Go #570 / Johnston,77
4162,Fareway Stores #963 / Cedar Rapids,57
4805,Liquor Tobacco & Grocery / Fort Dodg,94
4440,Kum & Go #219  Council Bluffs,78
4255,FAREWAY STORES #058 / ORANGE CITY,84
4812,Liquor Beer & Tobacco Outlet / Charl,34
3911,"Burg Spirits, Llc.",48
4077,Xo Food And Liquor,7
4583,Kum & Go #5100 / Manson,13
4406,KUM & GO #4020 / ANKENY,77
4777,Casey's General Store #1365 / Paulli,71
4952,Sub Express & Gas,82
4361,Quik Trip #538 / NW 2nd / DSM,77
4117,Tobacco Shop / Arnolds Park,30
4335,The Bottle Shop / Inwood,60
4215,New Star Market #1 / Waterloo,7
3845,Otho Convenience and Food,94
4140,Fareway Stores #900 / Euclid,77
4795,Walgreens #00359 / Des Moines,77
4137,Fareway Stores #989 / Waukee,25
3994,Great Spirits Wine & Liquor Co.,30
2951,Dahl's / Hickman,77
4297,Discount Liquor / Cedar Rapids,57
4409,Kum & Go #90 / BOONE,8
4427,Kum & Go #507 / North Liberty,52
4958,Five Corners Liquor & Wine,7
4467,Kum & Go #438 / Muscatine,70
5163,Gasland Express  /  Mt Pleasant,44
4097,Schleswig Foods And Spirits,24
4092,Fareway Stores #077 / Norwalk,91
4680,Afal Food & Liquor / Des Moines,77
2152,Dugans Supermarket,17
4118,Lake View Redemption Center,81
4684,Indy 66 #928 / Indianola,91
4121,Newport Bp / Wapello,58
4114,After 5 Somewhere,15
2961,Dahl's / Ep True / Wdm,77
4203,Liquor and Tobacco Outlet /,9
5124,Price Chopper  /  Johnston,77
4309,The Party Pantry,78
4269,Tipton Family Foods,16
4233,Fareway Stores #815 / Cresco,45
4525,Casey's General Store #2425 / Akron,75
3747,T-N-T Liquor,54
4725,Casey's General Store #1548 / Ankeny,77
4131,Fareway Stores #933 / Urbandale,77
3757,Wal-Mart 3590 / Sioux City,97
4109,Best Trip,77
4772,Kum & Go #97 / West Des Moines,77
3615,Emmetsburg Food Pride,74
5072,Pep Stop,44
4510,Casey's General Store #1007 / Malver,65
5001,The Music Station / Independence,10
4376,Kum & Go #6 / Mason City,17
4513,Casey's General Store #1144 / Polk C,77
4735,Walgreens #01301 / Ottumwa,90
4143,Bucky's,19
4938,Pronto Market,10
4013,Wal-Mart 0841 / Tipton,16
5061,Casey's General Store #3382 / Cedar,57
4507,Casey's General Store #2902 / Spence,21
4393,KUM & GO #206 / CLIVE,77
4900,Kwik Stop 4 / Waterloo,7
4460,MOORE'S FOODS,22
2953,Dahl's / E. Euclid,77
4579,USA Food & Gas / Grand Mound,23
4468,CIRCLE K #6600 / MUSCATINE,70
5050,Fareway Stores #147 / Carlisle,91
4149,Fareway Stores #015 / Denison,24
4904,Larchwood Quick Stop,60
4446,QUIK TRIP #513 / URBANDALE,77
3877,Target Store T-2041 / Des Moines,77
4902,Broadway Liquor,7
4428,Kum & Go #200 / Ames,85
3798,Old Calliope Liquor,84
2850,CVS / Pharmacy #10161 / Des Moines,77
3624,Wal-Mart 0748 / Newton,50
4249,Fareway Stores #048 / Clarinda,73
4700,J & C Grocery / Allison,12
4012,Fast Mart,77
3631,Audubon Food Pride,5
4250,Fareway Stores #882 / Eldora,42
4847,Slagle Foods LeClaire,82
4519,Casey's General Store #2923 / WDM,77
4673,Sonny's Super Market / West Point,56
4624,Kwik Shop #568 / Hiawatha,57
5140,A to Z Liquor,18
4288,Uptown Liquor and Tobacco,57
4125,Wapello Jack and Jill,58
4823,Casey's General Store #3223 / Cresto,88
4773,"Fast Mart 2, LLC",77
4134,Pleasantville Grocery,63
3889,Wal-Mart 1005 / Waverly,9
4993,Site Food Mart,56
3774,Eagle Country Market / Dubuque,31
4419,KUM & GO #4 / LAMONI,27
4449,Kum & Go #121 / URBANDALE,77
4712,Walgreens #11942 / Dubuque,31
4161,Fareway Stores #950 / Iowa City,52
2459,Reinhart Foods,39
3614,Ida Grove Food Pride,47
4872,Casey's General Store #2644 / Earlha,61
4381,Kum & Go #443 / Williamsburg,48
3761,Cheese's Food Center,87
4202,Fareway Stores #829 / Sioux City,97
4116,Lake View Foods,81
2838,CVS Pharmacy #8658 / Davenport,82
4034,Spice-n-ice,3
5145,South Side Food Mart,77
4992,Old 34 Gas & Grill,29
4917,Kum & Go #115 / Perry,25
4080,Five Corners Liquor and Win,7
5071,Jeff's Market / Durant,16
4068,Sa Petro Mart,77
4166,Jesup Food Center,10
4820,Lil' Chubs Corner Stop,60
3352,Cork 'n' Bottle,28
4247,Fareway Stores #879 / Belmond,
2658,Hy-Vee Food Store / Mount Ayr,80
4909,Pump N Pak Rock Valley,84
2238,Adventureland Inn,77
4967,Jeff's Market / Blue Grass,82
5011,Kum & Go #443 / Williamsburg,48
3616,Laurens Food Pride,76
4387,KUM & GO #117 / SPIRIT LAKE,30
2559,Hy-Vee Food Store / Albia,68
3583,Mac's Liquor And Videos,93
4843,Stewart Road Fast Break,70
4502,Neighborhood Mart / Waterloo,7
4526,Sub Xpress & Gas,82
4536,Casey's General Store #2420 / Dubuqu,31
4593,The Cue Liquors,84
4234,Fareway Stores #788 / Spencer,21
2609,Hy-Vee Drugstore #2 / Ames,85
3890,Smokin' Joe's #7 Tobacco and Liquor,57
4388,QUIK TRIP #566 / CLIVE,77
3783,Dyno's Wine and Spirits / Pocahontas,76
4782,Casey's General Store #2529 / Lamoni,27
4878,Shortee's Pit Stop,71
3859,Wal-Mart 0750 / Independence,10
4660,Hill Brothers Jiffy Mart / Cedar Rap,57
3790,Wal-Mart 0784 / Mt Pleasan,44
4000,Foodland Super Markets / Woodbine,43
3873,Target Store T-1113 / Coralville,52
4893,Casey's General Store #3098 / WDM,77
4568,Select Mart   Floyd Blvd,97
4520,Casey's General Store #2842 / Huxley,85
4380,Kum & Go #254 / West Branch,16
4592,Dyno's #29 / Emmetsburg,74
3949,Wal-Mart 0751 / Pella,63
4051,Fareway Stores #639 / Maquoketa,49
4563,The Molehill,84
4797,Walgreens #05362 / Des Moines,77
5125,Cash Saver  /  E Euclid Ave,77
4181,Puff N Snuff,31
5029,The Liquor Stop LLC,82
4640,Mart Stop #1 / Davenport,82
4685,Kwik Stop Food Mart,31
4813,USA Food and Gas / Grand Mound,23
4266,Wal-Mart 1683 / Shenandoah,73
3712,Monte Spirits,79
4603,Kum & Go #208 / SE 14th DM,77
4498,Speede Shop / Winthrop,10
4300,Fareway Stores #625 / Oskaloosa,62
4438,Kum & Go #214  Ames,85
4689,Walgreens #11759 / Fort Madison,56
5048,Rolfe Area Market,76
4649,Metro Liquor and Tobacco,78
3853,Ram Liquor Mart,82
4448,Kum & Go #572 / URBANDALE,77
4069,Fareway Stores #648 / Ottumwa,90
4646,Pronto Market / Fairbank,10
4771,Cenex Gas Station,57
5192,Guppy's On the Go  /  Robins,57
2672,Hy-Vee / Winterset,61
3542,Chuck's Sportsmans Beverage,66
4415,KUM & GO #513 / ACKLEY,42
4758,Midtown / Storm Lake,11
4634,Kwik Shop #565 / Cedar Rapids,57
4749,Walgreens #05239 / Davenport,82
4732,Walgreens #07967 / Clive,77
5126,Price Chopper  /  Merle Hay,77
4408,KUM & GO #2217 / BOONE,8
4464,Perfect Value Liquor Mart,82
4436,Kum & Go #216  Ames,85
4280,Slagle's Grocery / Le Claire,82
4814,"Byron Supermarket, Inc.",7
4899,Graettinger Market,74
4232,"Elliott's General Store,",4
3698,Ingersoll Wine Merchants,77
4808,CB Quick Stop / Council Bluffs,78
5046,West K Mart,56
2841,CVS Pharmacy #8532 / Cedar Rapids,57
4491,Casey's General Store #2772 / Cedar,57
4933,River Mart,29
4326,Stratford Food Center,40
5091,Kum & Go #436 / Muscatine,70
4169,Super Quick 2 / Hubbell,77
4023,Wal-Mart 1389 / Boone,8
4816,Casey's General Store #3232 / Shenan,73
4703,Walgreens #00910 / Sioux City,97
3484,Jeff's Foods,18
4582,Pronto / Spirit Lake,30
4084,Fareway Stores #061 / Ankeny,77
4322,Hometown Foods / Baxter,50
4313,Fareway Stores #940 / Atlantic,15
4103,Fareway Stores #093 / Ames,85
4625,Kwik Shop #532 / Council Bluffs,78
4500,Casey's General Store #2788 / North,52
2660,HY-VEE FOOD STORE / SIOUX CENTER,84
4373,Kum & Go #74 / West Des Moines,77
3908,County Market #214 / Fort Madison,56
4825,Casey's General Store #3212 / Osceol,20
4792,Casey's General Store #2899 / De Sot,25
4337,Grand Falls Casino Resort,60
4516,Casey's General Store #1569 / Oaklan,78
3973,Mmdg Spirits / Ames,85
2852,CVS Pharmacy #10329 / Merle Hay,77
5060,L&M Mighty Shop,52
4915,Casey's General Store #2429 / Betten,82
5068,Tobacco Shop / Arnolds Park,30
4569,Car-Go-Express / Sutherland,71
4664,Casey's General Store #24 / Boone,8
4324,Dayton Community Grocery,94
4141,Fareway Stores #975 / SE 22nd / DSM,77
4508,Casey's General Store #2877 / Spence,21
5198,Riverside Liquor,82
4480,Circle K #6602 / Clinton,23
4835,Point Liquor & Tobacco,57
5133,Don's Food Center,84
4148,Fareway Stores #479 / Independence,10
4726,Walgreens #07454 / Ankeny,77
4908,Zapf's Pronto Market,22
4747,Walgreens #11709 / Davenport,82
4258,Fareway Stores #009 / Burlington,29
4845,3rd St Convenience,57
4898,Burlington Shell,29
4676,Sam's Mini Mart / Sioux City,97
4126,Sam's Mainstreet Market / Solon,52
4039,No Frills Supermarkets / Council Blu,78
4670,Guppy's On The Go / Tripoli,9
2583,Hy-Vee Food Store / Washington,92
5127,Price Chopper  /  Ingersoll,77
5067,One Stop Liquor,11
4857,Westland Fast Break,29
4714,Walgreens #05943 / Indianola,91
4846,Casey's General Store #2697 / Onawa,67
3906,Cigarette Outlet #17 / Burlington,29
4511,Super Quick / SE 30 DM,77
4188,"Main St. Market, Inc.",31
4888,Circle S Bluff Stop,97
5115,Pronto Market / Manly,98
4768,Kum & Go #777 / Urbandale,77
4570,Cargo Express,21
4196,Fareway Stores #987 / Davenport,82
5173,Audubon Food Land,5
5182,Kwik Shop #595  /  W Broadway,78
4417,KUM & GO #76 / ADAIR,1
3045,Britt Food Center,41
3393,The Hangout Liquors,66
4959,Bani's,7
4895,Big Discount Liquor,57
4663,Casey's General Store #3077 / Peosta,31
4653,Casey's General Store #1617 / Jeffer,37
4828,Casey's General Store #3228 / Marsha,64
3492,Jubilee Foods / Rockwell City,13
3826,Terribles Lakeside Casino,20
4683,New Star 3 / Waterloo,7
4694,Rina Mart LLC / Davenport,82
4554,Kum & Go #229 / Sioux City,97
3847,Logan Ave Convenience Store,7
5069,Casey's General Store #1705 / Lake M,95
4864,CLINTON LIQUOR & CONVENIENCE STORE,23
3880,Target Store T-2454 / Council Bluffs,78
4225,T P Plaza,64
4595,Quik Trip #559 / Fleur Dr DM,77
4282,Point Liquor and Tobacco /,57
4270,Kum & Go Liquors #37 / Ottumwa,90
5093,Cody Mart,82
4572,Grundy Center Family Foods,38
2847,CVS Pharmacy #10032 / Marion,57
4632,Nat Food Mart / 2nd Ave DM,77
4259,Kum & Go #175 Liquors / Oskaloosa,62
5003,Famous Liquors,82
4138,Fareway Stores #657 / Indianola,91
4254,Fareway Stores #849 / Emmetsburg,74
4505,Casey's General Store #2816 / Johnst,77
4421,KUM & GO #1 / HAMPTON,35
4360,Kum & Go #333 / Newton,50
4459,Kum & Go #544 / Eagle Grove,99
4596,Quik Trip #534 / E University DM,77
4283,Guppys On The Go,57
4547,Fareway Stores #902 / Hampton,35
2848,CVS Pharmacy #10114 / Ankeny,77
4302,Shop N Save / Des Moines,77
5040,Wilton Express,70
3725,Armstrong Liquor Store,32
4533,Casey's General Store #1985 / St. An,66
4605,Kum & Go #509 / Marion,57
4539,Casey's General Store #40 / Scranton,37
4221,Kwik Stop / Texas St,7
4950,Kum & Go #514 / Cedar Rapids,57
4704,The Filling Station / Council Bluffs,78
4803,Walgreens #07453 / Des Moines,77
3910,Riverside Casino And Resort,92
4404,KUM & GO #292 / ANKENY,77
4033,"Mcgregor's Top Shelf, Llc",22
4671,New Star Mart #1 / Waterloo,7
4894,Discount Tobacco and More / Davenpor,82
4589,Dyno's #53 / Sibley,72
4173,L and K Liquor,71
5090,Kum & Go #437 / Muscatine,70
4466,THE PUMPER,33
4389,KUM & GO #651 / ALBIA,68
4018,Hometown Foods / Gladbrook,48
4195,Fareway Stores #792 / Toledo,86
3635,Clark's Food Mart / Ogden,8
4538,K & S Grocery,12
4475,Bucky's Express #27 / Council Bluffs,78
5176,Smokin' Joe's #15 Tobacco & Liquor O,57
5036,Point Liquor & Tobacco,57
4620,Nodaway Valley Market,1
3929,Liquor And Tobacco Outlet,7
4719,Walgreens #06677 / West Des Moines,77
3930,Kuennen's Liquor Store,33
4827,Sauce,52
4424,CIRCLE K #6601 / BURLINGTON,29
4461,QUIK TRIP #503 / WINDSOR HEIGHTS,77
3882,Kwik Shop #579 / Davenport,82
3652,Discount Liquors Of Ida Grove,47
4766,Keywest Conoco / Dubuque,31
4187,Jensen Liquor North,72
5074,New Pioneer Food Co-op  / Center Poi,57
4359,Kum & Go #75 / Waukee,25
5117,Food & Gas Mart  /  Marshalltown,64
5149,B S Mini Mart Inc,29
4293,Eddyville Market and Deli L,90
5004,Ida Grove Food Pride,47
3944,Sam's Club 4973 / Dubuque,31
5034,Liquor Tobacco & Groceries,17
4787,Guppy's On The Go Swisher,52
3003,Super Valu / Mark's,13
5089,Mos Mini Mart,43
3543,Pronto Market,75
4452,Select Mart    Gordon Dr,97
4110,"Brothers Market, Inc.",12
3064,Shugar's Super Valu / Adel,25
4865,Rolfe Area Market,76
5075,Pronto Market  / New Sharon,62
4940,Cambridge Country Store,77
4059,Belle Plaine Country Food,6
4674,Kum & Go #227 / Ames,85
4911,Casey's General Store #1061 / Prince,82
4549,Casey's General Store #2913 / Colo,85
4035,B and B West,7
5148,Main St Market  /  Holy Cross,31
4882,Casey's General Store #3026 / St Cha,61
4985,Casey's General Store #2519 / Merril,75
4369,Kum & Go #28 / Norwalk,91
5151,IDA Liquor,47
4472,Quick Shop Foods / Centerville,4
4928,Shop n Save / 6th Ave,77
4325,Villisca Foods Inc.,69
4310,Fareway Stores #502 / Cherokee,18
4876,Quick Mart / Hiawatha,57
4890,Casey's General Store #3210 / Urband,77
4627,Casey's General Store #1388 / Sully,50
4052,Helle Hometown Variety,97
4356,Kum & Go #396 / Nevada,85
4130,"Boyd Grocery, Inc.",89
4561,Kroegers Liquor Co LLC,7
4786,Casey's General Store #1706 / Winter,61
4274,Ruthven Meat Processing,74
4755,Walgreens #05941 / Mason City,17
4492,Casey's General Store #2773 / Cedar,57
4506,Casey's General Store #2667 / Tiffin,52
4754,Walgreens #12148 / Waverly,9
4319,Fareway Stores #703 / Humbolt,46
4172,Shamrock Spirits,42
4541,Casey's General Store #1045 / Delmar,23
5056,Council Bluffs Sinclair,78
4690,Super Stop and Shop / Baldwin,49
4907,Prime Mart,7
4836,Kum & Go #52 / Iowa City,52
4949,River Drive Smoke Shop,82
5027,Hard Rock Hotel & Casino Sioux City,97
4868,Kum & Go #59 / Waukee,25
4793,Fort Madison Fast Break,56
4699,Walgreens #06553 / Bettendorf,82
4963,Jeff's Market / Durant,16
5097,Fareway Stores #151 / Cedar Rapids,57
4362,Kum & Go #135 / Polk City,77
4090,Mcelroy's Food Market,10
4430,Kum & Go #87 / Fort Dodge,94
4944,Jiffy Express / Martensdale,91
4774,Casey's General Store #3034 / Esther,32
5116,New Star Mart  /  Newton,94
4584,J & C Grocery / Dumont,12
4956,The Cooler,57
4523,Casey's General Store #2563 / Exira,5
4661,Quik Trip #531 / Grimes,77
4923,Casey's General Store #2270 / Aureli,18
4375,Kum & Go #237 / Grimes,77
4636,Kwik Shop #561 / Cedar Rapids,57
4189,Fareway Stores #594 / Manchester,28
5065,Circle S Gordon Drive,97
4859,Circle K #6604 / Burlington,29
4535,Casey's General Store #2421 / Dubuqu,31
4662,Guppy's On The Go / Cedar Rapids,57
5000,Casey's General Store #3319 / Nevada,85
4043,Gasland #102 / Burlington,29
4934,Casey's General Store #2811 / Spring,57
4896,Barrys Mini Mart,3
3864,Hometown Foods / Schaller,81
5172,Uptown Liquor & Tobacco,57
4943,Eldon Kwik Shop,90
3962,Durant Street Country Stop,83
5166,East Side Liquor and Groceries,64
5096,Walgreens #11710 / North Liberty,52
4551,Casey's General Store #2845 / Urband,6
5109,Casey's General Store #3404 / Carlis,91
4641,Kum & Go #573 / SE 14th DM,77
3534,A. V. Liquor,19
4853,Kum & Go #62 / Johnston,77
4736,Walgreens #03876 / Marion,57
4834,Muscatine Fast Break,70
4691,Railroad Street Tobacco and Spirits,42
4738,Casey's General Store #2284 / Counci,78
3969,"R 'n D's Liquor, Llc",1
4705,Walgreens #05977 / Coralville,52
4384,Kum & Go #2093 / Adel,25
4744,Walgreens #03875 / Cedar Rapids,57
2671,Hy-Vee  /  Jefferson,37
4821,Casey's General Store #3215 / Oskalo,62
4669,Vom Fass / Des Moines,77
4194,Fareway Stores #848 / Newton,50
4613,Sparky's One Stop / Carroll,14
5138,Kellogg Country Store,50
4101,Lucky Stop Inc.,85
4353,Kum & Go #302 / Clear Lake,17
5043,West Side Liquor / Waterloo,7
4578,Casey's General Store #2592 / Farmin,89
4756,Walgreens #03196 / Marshalltown,64
4966,Midtown,11
4858,Hwy 34 Truckstop,29
4870,Tobacco 4 Less / Bettendorf,82
4741,Walgreens #03700 / Council Bluffs,78
4476,Bucky's Express #16 / Council Bluffs,78
4113,Tobacco Hut #6 / Council,78
4512,Metro Mart #4 / Waterloo,7
4352,Kum & Go #501 / Creston,88
5010,Sac City Food Pride,81
4745,Walgreens #05042 / Cedar Rapids,57
4248,Fareway Stores #021 / Sheldon,71
5135,Fareway Stores #155 / Huxley,85
4567,Shop N Save / NW 2nd Ave / DSM,77
4094,Campustown Liquor,85
4796,Walgreens #04714 / Des Moines,77
5013,State Food Mart,82
4647,B and B EAST / Waterloo,7
5009,New Pioneer Food Co-op,52
4401,KUM & GO #503 / MARION,57
5123,Price Chopper  /  Clive,25
4763,Parktown BP / Cedar Rapids,57
4753,Casey's General Store #2521 / Adair,1
5033,Kwik Stop,7
4702,Walgreens #05361 / Fort Dodge,94
3891,"Wild Rose Emmetsburg, Llc",74
4730,Walgreens #05944 / Johnston,77
4626,Kwik Shop #527 / Council Bluffs,78
4936,Pickle Barrel Market,78
4941,Kum & Go #170 / Urbandale,77
5031,New Star Raymond,7
4457,KUM & GO #422 / IOWA CITY,52
4833,Crazy Mary's Licker,20
4761,Walgreens #03590 / Waterloo,7
4026,Marshall Discount Liquor,97
4748,Walgreens #06186 / Davenport,82
3871,Target Store T-0069 / WDM,77
4050,Five Star Snacks and Liquor,7
4654,KUM & GO #510 / STUART,1
4537,Casey's General Store #1834 / Leon,27
5063,Logan Convenience Store,7
4119,Target Store T-2526 / Cedar Falls,7
5077,Wal-Mart 3150 / Council Bluffs,78
4159,Fareway Stores #073 / Council Bluffs,78
5044,Casey's General Store #3202 / Cresce,78
5047,The Fresh Market,57
4532,Casey's General Store #2274 / Sioux,11
4591,Casey's General Store #3052 / Clario,99
4135,Fareway Stores #925 / Altoona,77
4527,Casey's General Store #30 / Gilmore,46
5153,Oak Street Station LLC,60
4810,Kum & Go #518 / Ankeny,77
4710,Walgreens #09708 / Dubuque,31
4298,Terry's Food Center,86
4518,Casey's General Store #2824 / WDM,77
4765,Kwik Stop C-Stores / Dubuque,31
5080,C's Liquor Store,21
4727,Walgreens #07996 / Ankeny,77
3016,Super Valu / bender's,9
5076,Cubby's Sioux City,97
4926,GS Super Stop,77
4852,Kum & Go #520 / Cedar Rapids,57
4789,Katy Did's General Store,63
4503,Casey's General Store #38 / Treynor,78
4385,Kum & Go #43 / New Virginia,91
4275,Fareway Stores #980 / Knoxville,63
4493,Casey's General Store #2850 / Cedar,57
5146,Fareway Stores #153  /  W Des Moines,77
4041,Mandm Pantry,23
4740,Walgreens #04405 / Council Bluffs,78
4838,Casey's General Store #2448 / Ogden,8
4781,Casey's General Store #3079 / Early,81
4885,SNK Gas & Food LLC,49
4501,Kum & Go #134 / Fairfield,51
4751,Walgreens #03595 / Davenport,82
3803,Strawberry Foods and Deli,22
4798,Walgreens #05721 / Des Moines,77
4371,Kum & Go #50 / West Des Moines,77
4987,Almost Always Open,85
5005,Laurens Food Pride,76
3895,Tom's Market and Meats,29
4470,Kum & Go #211 / WATERLOO,7
4955,Cenex Ampride,17
4341,Mj's Grocery,15
4687,Kum & Go #517 / Cedar Rapids,57
4657,Casey's General Store #2526 / Wellsb,38
4372,Kum & Go #404 / Mason City,17
4656,Casey's General Store #2301 / Ames,85
4746,Walgreens #05885 / Muscatine,70
5162,Urbandale Liquor,77
4733,Walgreens #03773 / Urbandale,77
4066,Xpress Liquor,91
4921,Market Express,57
4975,Walgreens #15647 / Sioux City,97
4916,Perez Grocery,90
4948,Wheatland Day Break,23
4416,KUM & GO #83 / CASEY,39
4998,Lake City Food Center,13
4785,Casey's General Store #2835 / Avoca,78
4465,HOME TOWN FOOD ON 4,13
4450,Kum & Go #157 / URBANDALE,77
4531,Casey's General Store #2626 / Afton,88
4759,Walgreens #10855 / Waterloo,7
4095,City Liquor And Tobacco / Waterloo,7
4515,Casey's General Store #1588 / Dows,99
5106,Barnes Food Land,23
4718,Walgreens #06623 / West Des Moines,77
4850,Big 10 Mart,57
4978,Prime Mart / Waterloo,7
4722,Walgreens #09476 / Burlington,29
4961,Kwik Stop / Cedar Cross,31
4552,Casey's General Store #2493 / Buffal,82
4590,Casey's General Store #3045 / Cedar,7
4924,Abby Lea's,19
4942,East Village Pantry,77
5134,Prime Mart #6  /  Charles City,34
4679,Walgreens #12393 / Cedar Rapids,57
4621,Casey's General Store #23 / Maxwell,85
4906,Smoke.N.Pipe,57
5094,Casey's General Store #2778 / Cedar,57
4760,Walgreens #07455 / Waterloo,7
5188,Kum & Go #251 / Sioux City,97
4488,Casey's General Store #2762 / Cedar,57
5100,Sam's Food,82
5174,Jim's Food   /  Sullivan Ave,7
4530,Casey's General Store #2566 / Ely,57
5049,Gas N Go  /  Waverly,9
4386,KUM & GO #701 / MARSHALLTOWN,64
4780,Casey's General Store #3043 / Britt,41
4790,Mediapolis Fast Break,29
2669,Hy-Vee / Corydon,93
4365,Kum & Go #222 / West St Grinnell,79
5110,Ramsey's Market Liquor,87
4560,Casey's General Store #2914 / Harlan,83
4546,Casey's General Store #2303 / Glidde,14
4910,Prime Mart #3 / Waterloo,7
4038,No Frills Supermarkets / Denison,24
4919,Kum & Go #4084 / Altoona,77
4486,Kum & Go #608 / Okoboji,30
5183,Casey's General Store #77  /  Cascad,31
9001,Cedar Ridge Vineyards,52
4367,Kum & Go #109 / Mason City,17
5026,Forrest Hometown Market,48
4688,Walgreens #10770 / Carroll,14
4731,Walgreens #05060 / Clive,77
3554,Dick's Beverage Depot,9
4534,D & B Foods,49
4407,KUM & GO #1272 / KNOXVILLE,63
4799,Walgreens #05777 / Des Moines,77
4489,Casey's General Store #2763 / Cedar,57
4643,Cubby's Red Oak,69
4925,Kum & Go #574 / Urbandale,77
4717,Walgreens #05512 / Bettendorf,82
4639,Liquor & Tobacco Outlet / Fort Dodge,94
4734,Walgreens #04973 / Urbandale,77
4607,Casey's General Store #1024 / Gutten,22
4543,Casey's General Store #2924 / Marion,57
4581,Prime Mart / Cedar Falls,7
4573,Casey's General Store #1330 / Hambur,36
4396,"Trunck's Country Foods, INC.",38
5150,Casey's General Store #2815  /  Vict,79
5175,Kwik Stop Delhi,28
5111,Creekside Market,52
4784,Hawkeye Convenience Store Wiley Blvd,57
5053,Cork & Bottle / Iowa City,52
