vendorNumber,vendorName
260,Diageo Americas
380,Phillips Beverage Company
421,"Sazerac Co., Inc."
65,Jim Beam Brands
305,MHW Ltd
240,"WILLIAM GRANT AND SONS, INC."
297,Laird And Company
370,Pernod Ricard USA/Austin Nichols
85,Brown-Forman Corporation
205,E AND J GALLO WINERY
259,Heaven Hill Brands
389,REMY COINTREAU USA         .
420,"Moet Hennessy USA, Inc."
115,"Constellation Wine Company, Inc."
300,Mccormick Distilling Company
434,Luxco-St Louis
55,Sazerac North America
246,Louisville Distilling Co
35,"Bacardi U.S.A., Inc."
395,Proximo
192,Sidney Frank Importing Co.
461,Campari(skyy)
384,Piedmont Distillers
322,Prestige Wine and Spirits Group
306,Mississippi River Distilling Co.
394,Black Rock Spirits
478,Trinchero Family Estates
410,The Patron Spirits Company
207,Paradise Distilling Company
301,Fifth Generation Inc.
277,Stoli Group
229,Dehner Distillery
130,Disaronno International LLC
971,"Hood River Distillers, Inc."
255,Wilson Daniels Ltd.
285,"Charles Jacquin Et. Cie., Inc."
492,Western Spirits Beverage Co. LLC
330,Gemini Spirits
969,Aveniu Brands
226,"maDIKwe USA, Inc."
125,"Cedar Ridge Vineyards,LLC"
346,"Ole Smoky Distillery, LLC"
338,Niche Import Co.
198,Frank-lin Distillers Products Ltd.
250,Homestead American Whiskey
91,Castle Brands
284,Charles Jacquin/Independent Spirits
121,Cooperspiritsinternational
308,"Mango Bottling, Inc."
418,Gunsandmore.info
184,Four Roses Distillery
469,"TY KU, LLC"
460,Shaw Ross International Importers LL
978,"W. J. Deutsch And Sons, Ltd."
154,Iowa Distilling Company
111,Better Brands Bev Co
294,Jesse James Distilling Company
375,Park Street Imports-Berentzen
803,LEVECKE CORP
350,Luxco-Cleveland
239,"Russian Standard Vodka, USA"
267,"Imperial Brands, Inc."
451,Serralles USA
160,Drinks Americas
495,"M.S. Walker, Inc."
357,"Palm Bay Imports, Inc."
977,"Werner Distilling, LLC"
885,"Yahara Bay Distillers, Inc"
367,Park Street Imports-House Spirits
86,Broadbent Distillery
497,"WILDMAN AND SONS, F."
110,3 Badge Mixology
390,Quadro Group LLC
104,"ASDSpirits, LLC"
315,Patriarch Distillers
391,Anchor Distilling (PREISS IMPORTS)
483,The Wine Group
377,Park Street Imports-Veev
452,"Speakeasy Spirits, LLC"
287,"Chatham Imports,inc"
